id,x0,x1,x2,x3,x4,x5,x6,x7,x8,x9,x10,x11,x12,x13,x14,x15,x16,x17,x18,x19,x20,x21,x22,x23,x24,x25,x26,x27,x28,x29,x30,x31,x32,x33,x34,x35,x36,x37,x38,x39,x40,x41,x42,x43,x44,x45,x46,x47,x48,x49,x50,x51,x52,x53,x54,x55,x56,x57,x58,x59,x60,x61,x62,x63,x64,x65,x66,x67,x68,x69,x70,x71,x72,x73,x74,x75,x76,x77,x78,x79,x80,x81,x82,x83,x84,x85,x86,x87,x88,x89,x90,x91,x92,x93,x94,x95,x96,x97,x98,x99,x100,x101,x102,x103,x104,x105,x106,x107,x108,x109,x110,x111,x112,x113,x114,x115,x116,x117,x118,x119,x120,x121,x122,x123,x124,x125,x126,x127,x128,x129,x130,x131,x132,x133,x134,x135,x136,x137,x138,x139,x140,x141,x142,x143,x144,x145,x146,x147,x148,x149,x150,x151,x152,x153,x154,x155,x156,x157,x158,x159,x160,x161,x162,x163,x164,x165,x166,x167,x168,x169,x170,x171,x172,x173,x174,x175,x176,x177,x178,x179,x180,x181,x182,x183,x184,x185,x186,x187,x188,x189,x190,x191,x192,x193,x194,x195,x196,x197,x198,x199,x200,x201,x202,x203,x204,x205,x206,x207,x208,x209,x210,x211,x212,x213,x214,x215,x216,x217,x218,x219,x220,x221,x222,x223,x224,x225,x226,x227,x228,x229,x230,x231,x232,x233,x234,x235,x236,x237,x238,x239,x240,x241,x242,x243,x244,x245,x246,x247,x248,x249,x250,x251,x252,x253,x254,x255,x256,x257,x258,x259,x260,x261,x262,x263,x264,x265,x266,x267,x268,x269,x270,x271,x272,x273,x274,x275,x276,x277,x278,x279,x280,x281,x282,x283,x284,x285,x286,x287,x288,x289,x290,x291,x292,x293,x294,x295,x296,x297,x298,x299,x300,x301,x302,x303,x304,x305,x306,x307,x308,x309,x310,x311,x312,x313,x314,x315,x316,x317,x318,x319,x320,x321,x322,x323,x324,x325,x326,x327,x328,x329,x330,x331,x332,x333,x334,x335,x336,x337,x338,x339,x340,x341,x342,x343,x344,x345,x346,x347,x348,x349,x350,x351,x352,x353,x354,x355,x356,x357,x358,x359,x360,x361,x362,x363,x364,x365,x366,x367,x368,x369,x370,x371,x372,x373,x374,x375,x376,x377,x378,x379,x380,x381,x382,x383,x384,x385,x386,x387,x388,x389,x390,x391,x392,x393,x394,x395,x396,x397,x398,x399,x400,x401,x402,x403,x404,x405,x406,x407,x408,x409,x410,x411,x412,x413,x414,x415,x416,x417,x418,x419,x420,x421,x422,x423,x424,x425,x426,x427,x428,x429,x430,x431,x432,x433,x434,x435,x436,x437,x438,x439,x440,x441,x442,x443,x444,x445,x446,x447,x448,x449,x450,x451,x452,x453,x454,x455,x456,x457,x458,x459,x460,x461,x462,x463,x464,x465,x466,x467,x468,x469,x470,x471,x472,x473,x474,x475,x476,x477,x478,x479,x480,x481,x482,x483,x484,x485,x486,x487,x488,x489,x490,x491,x492,x493,x494,x495,x496,x497,x498,x499,x500,x501,x502,x503,x504,x505,x506,x507,x508,x509,x510,x511,x512,x513,x514,x515,x516,x517,x518,x519,x520,x521,x522,x523,x524,x525,x526,x527,x528,x529,x530,x531,x532,x533,x534,x535,x536,x537,x538,x539,x540,x541,x542,x543,x544,x545,x546,x547,x548,x549,x550,x551,x552,x553,x554,x555,x556,x557,x558,x559,x560,x561,x562,x563,x564,x565,x566,x567,x568,x569,x570,x571,x572,x573,x574,x575,x576,x577,x578,x579,x580,x581,x582,x583,x584,x585,x586,x587,x588,x589,x590,x591,x592,x593,x594,x595,x596,x597,x598,x599,x600,x601,x602,x603,x604,x605,x606,x607,x608,x609,x610,x611,x612,x613,x614,x615,x616,x617,x618,x619,x620,x621,x622,x623,x624,x625,x626,x627,x628,x629,x630,x631,x632,x633,x634,x635,x636,x637,x638,x639,x640,x641,x642,x643,x644,x645,x646,x647,x648,x649,x650,x651,x652,x653,x654,x655,x656,x657,x658,x659,x660,x661,x662,x663,x664,x665,x666,x667,x668,x669,x670,x671,x672,x673,x674,x675,x676,x677,x678,x679,x680,x681,x682,x683,x684,x685,x686,x687,x688,x689,x690,x691,x692,x693,x694,x695,x696,x697,x698,x699,x700,x701,x702,x703,x704,x705,x706,x707,x708,x709,x710,x711,x712,x713,x714,x715,x716,x717,x718,x719,x720,x721,x722,x723,x724,x725,x726,x727,x728,x729,x730,x731,x732,x733,x734,x735,x736,x737,x738,x739,x740,x741,x742,x743,x744,x745,x746,x747,x748,x749,x750,x751,x752,x753
0,m,V,_,_,a,b,s,_,e,n,e,r,g,y
1,m,V,_,_,a,b,s,o,l,u,t,e,_,s,u,m,_,o,f,_,c,h,a,n,g,e,s
2,m,V,_,_,a,g,g,_,a,u,t,o,c,o,r,r,e,l,a,t,i,o,n,_,_,f,_,a,g,g,_,",m,e,a,n,",_,_,m,a,x,l,a,g,_,4,0
3,m,V,_,_,a,g,g,_,a,u,t,o,c,o,r,r,e,l,a,t,i,o,n,_,_,f,_,a,g,g,_,",m,e,d,i,a,n,",_,_,m,a,x,l,a,g,_,4,0
4,m,V,_,_,a,g,g,_,a,u,t,o,c,o,r,r,e,l,a,t,i,o,n,_,_,f,_,a,g,g,_,",v,a,r,",_,_,m,a,x,l,a,g,_,4,0
5,m,V,_,_,a,g,g,_,l,i,n,e,a,r,_,t,r,e,n,d,_,_,f,_,a,g,g,_,",m,a,x,",_,_,c,h,u,n,k,_,l,e,n,_,1,0,_,_,a,t,t,r,_,",i,n,t,e,r,c,e,p,t,"
6,m,V,_,_,a,g,g,_,l,i,n,e,a,r,_,t,r,e,n,d,_,_,f,_,a,g,g,_,",m,a,x,",_,_,c,h,u,n,k,_,l,e,n,_,1,0,_,_,a,t,t,r,_,",r,v,a,l,u,e,"
7,m,V,_,_,a,g,g,_,l,i,n,e,a,r,_,t,r,e,n,d,_,_,f,_,a,g,g,_,",m,a,x,",_,_,c,h,u,n,k,_,l,e,n,_,1,0,_,_,a,t,t,r,_,",s,l,o,p,e,"
8,m,V,_,_,a,g,g,_,l,i,n,e,a,r,_,t,r,e,n,d,_,_,f,_,a,g,g,_,",m,a,x,",_,_,c,h,u,n,k,_,l,e,n,_,1,0,_,_,a,t,t,r,_,",s,t,d,e,r,r,"
9,m,V,_,_,a,g,g,_,l,i,n,e,a,r,_,t,r,e,n,d,_,_,f,_,a,g,g,_,",m,a,x,",_,_,c,h,u,n,k,_,l,e,n,_,5,0,_,_,a,t,t,r,_,",i,n,t,e,r,c,e,p,t,"
10,m,V,_,_,a,g,g,_,l,i,n,e,a,r,_,t,r,e,n,d,_,_,f,_,a,g,g,_,",m,a,x,",_,_,c,h,u,n,k,_,l,e,n,_,5,0,_,_,a,t,t,r,_,",r,v,a,l,u,e,"
11,m,V,_,_,a,g,g,_,l,i,n,e,a,r,_,t,r,e,n,d,_,_,f,_,a,g,g,_,",m,a,x,",_,_,c,h,u,n,k,_,l,e,n,_,5,0,_,_,a,t,t,r,_,",s,l,o,p,e,"
12,m,V,_,_,a,g,g,_,l,i,n,e,a,r,_,t,r,e,n,d,_,_,f,_,a,g,g,_,",m,a,x,",_,_,c,h,u,n,k,_,l,e,n,_,5,0,_,_,a,t,t,r,_,",s,t,d,e,r,r,"
13,m,V,_,_,a,g,g,_,l,i,n,e,a,r,_,t,r,e,n,d,_,_,f,_,a,g,g,_,",m,a,x,",_,_,c,h,u,n,k,_,l,e,n,_,5,_,_,a,t,t,r,_,",i,n,t,e,r,c,e,p,t,"
14,m,V,_,_,a,g,g,_,l,i,n,e,a,r,_,t,r,e,n,d,_,_,f,_,a,g,g,_,",m,a,x,",_,_,c,h,u,n,k,_,l,e,n,_,5,_,_,a,t,t,r,_,",r,v,a,l,u,e,"
15,m,V,_,_,a,g,g,_,l,i,n,e,a,r,_,t,r,e,n,d,_,_,f,_,a,g,g,_,",m,a,x,",_,_,c,h,u,n,k,_,l,e,n,_,5,_,_,a,t,t,r,_,",s,l,o,p,e,"
16,m,V,_,_,a,g,g,_,l,i,n,e,a,r,_,t,r,e,n,d,_,_,f,_,a,g,g,_,",m,a,x,",_,_,c,h,u,n,k,_,l,e,n,_,5,_,_,a,t,t,r,_,",s,t,d,e,r,r,"
17,m,V,_,_,a,g,g,_,l,i,n,e,a,r,_,t,r,e,n,d,_,_,f,_,a,g,g,_,",m,e,a,n,",_,_,c,h,u,n,k,_,l,e,n,_,1,0,_,_,a,t,t,r,_,",i,n,t,e,r,c,e,p,t,"
18,m,V,_,_,a,g,g,_,l,i,n,e,a,r,_,t,r,e,n,d,_,_,f,_,a,g,g,_,",m,e,a,n,",_,_,c,h,u,n,k,_,l,e,n,_,1,0,_,_,a,t,t,r,_,",r,v,a,l,u,e,"
19,m,V,_,_,a,g,g,_,l,i,n,e,a,r,_,t,r,e,n,d,_,_,f,_,a,g,g,_,",m,e,a,n,",_,_,c,h,u,n,k,_,l,e,n,_,1,0,_,_,a,t,t,r,_,",s,l,o,p,e,"
20,m,V,_,_,a,g,g,_,l,i,n,e,a,r,_,t,r,e,n,d,_,_,f,_,a,g,g,_,",m,e,a,n,",_,_,c,h,u,n,k,_,l,e,n,_,1,0,_,_,a,t,t,r,_,",s,t,d,e,r,r,"
21,m,V,_,_,a,g,g,_,l,i,n,e,a,r,_,t,r,e,n,d,_,_,f,_,a,g,g,_,",m,e,a,n,",_,_,c,h,u,n,k,_,l,e,n,_,5,0,_,_,a,t,t,r,_,",i,n,t,e,r,c,e,p,t,"
22,m,V,_,_,a,g,g,_,l,i,n,e,a,r,_,t,r,e,n,d,_,_,f,_,a,g,g,_,",m,e,a,n,",_,_,c,h,u,n,k,_,l,e,n,_,5,0,_,_,a,t,t,r,_,",r,v,a,l,u,e,"
23,m,V,_,_,a,g,g,_,l,i,n,e,a,r,_,t,r,e,n,d,_,_,f,_,a,g,g,_,",m,e,a,n,",_,_,c,h,u,n,k,_,l,e,n,_,5,0,_,_,a,t,t,r,_,",s,l,o,p,e,"
24,m,V,_,_,a,g,g,_,l,i,n,e,a,r,_,t,r,e,n,d,_,_,f,_,a,g,g,_,",m,e,a,n,",_,_,c,h,u,n,k,_,l,e,n,_,5,0,_,_,a,t,t,r,_,",s,t,d,e,r,r,"
25,m,V,_,_,a,g,g,_,l,i,n,e,a,r,_,t,r,e,n,d,_,_,f,_,a,g,g,_,",m,e,a,n,",_,_,c,h,u,n,k,_,l,e,n,_,5,_,_,a,t,t,r,_,",i,n,t,e,r,c,e,p,t,"
26,m,V,_,_,a,g,g,_,l,i,n,e,a,r,_,t,r,e,n,d,_,_,f,_,a,g,g,_,",m,e,a,n,",_,_,c,h,u,n,k,_,l,e,n,_,5,_,_,a,t,t,r,_,",r,v,a,l,u,e,"
27,m,V,_,_,a,g,g,_,l,i,n,e,a,r,_,t,r,e,n,d,_,_,f,_,a,g,g,_,",m,e,a,n,",_,_,c,h,u,n,k,_,l,e,n,_,5,_,_,a,t,t,r,_,",s,l,o,p,e,"
28,m,V,_,_,a,g,g,_,l,i,n,e,a,r,_,t,r,e,n,d,_,_,f,_,a,g,g,_,",m,e,a,n,",_,_,c,h,u,n,k,_,l,e,n,_,5,_,_,a,t,t,r,_,",s,t,d,e,r,r,"
29,m,V,_,_,a,g,g,_,l,i,n,e,a,r,_,t,r,e,n,d,_,_,f,_,a,g,g,_,",m,i,n,",_,_,c,h,u,n,k,_,l,e,n,_,1,0,_,_,a,t,t,r,_,",i,n,t,e,r,c,e,p,t,"
30,m,V,_,_,a,g,g,_,l,i,n,e,a,r,_,t,r,e,n,d,_,_,f,_,a,g,g,_,",m,i,n,",_,_,c,h,u,n,k,_,l,e,n,_,1,0,_,_,a,t,t,r,_,",r,v,a,l,u,e,"
31,m,V,_,_,a,g,g,_,l,i,n,e,a,r,_,t,r,e,n,d,_,_,f,_,a,g,g,_,",m,i,n,",_,_,c,h,u,n,k,_,l,e,n,_,1,0,_,_,a,t,t,r,_,",s,l,o,p,e,"
32,m,V,_,_,a,g,g,_,l,i,n,e,a,r,_,t,r,e,n,d,_,_,f,_,a,g,g,_,",m,i,n,",_,_,c,h,u,n,k,_,l,e,n,_,1,0,_,_,a,t,t,r,_,",s,t,d,e,r,r,"
33,m,V,_,_,a,g,g,_,l,i,n,e,a,r,_,t,r,e,n,d,_,_,f,_,a,g,g,_,",m,i,n,",_,_,c,h,u,n,k,_,l,e,n,_,5,0,_,_,a,t,t,r,_,",i,n,t,e,r,c,e,p,t,"
34,m,V,_,_,a,g,g,_,l,i,n,e,a,r,_,t,r,e,n,d,_,_,f,_,a,g,g,_,",m,i,n,",_,_,c,h,u,n,k,_,l,e,n,_,5,0,_,_,a,t,t,r,_,",r,v,a,l,u,e,"
35,m,V,_,_,a,g,g,_,l,i,n,e,a,r,_,t,r,e,n,d,_,_,f,_,a,g,g,_,",m,i,n,",_,_,c,h,u,n,k,_,l,e,n,_,5,0,_,_,a,t,t,r,_,",s,l,o,p,e,"
36,m,V,_,_,a,g,g,_,l,i,n,e,a,r,_,t,r,e,n,d,_,_,f,_,a,g,g,_,",m,i,n,",_,_,c,h,u,n,k,_,l,e,n,_,5,0,_,_,a,t,t,r,_,",s,t,d,e,r,r,"
37,m,V,_,_,a,g,g,_,l,i,n,e,a,r,_,t,r,e,n,d,_,_,f,_,a,g,g,_,",m,i,n,",_,_,c,h,u,n,k,_,l,e,n,_,5,_,_,a,t,t,r,_,",i,n,t,e,r,c,e,p,t,"
38,m,V,_,_,a,g,g,_,l,i,n,e,a,r,_,t,r,e,n,d,_,_,f,_,a,g,g,_,",m,i,n,",_,_,c,h,u,n,k,_,l,e,n,_,5,_,_,a,t,t,r,_,",r,v,a,l,u,e,"
39,m,V,_,_,a,g,g,_,l,i,n,e,a,r,_,t,r,e,n,d,_,_,f,_,a,g,g,_,",m,i,n,",_,_,c,h,u,n,k,_,l,e,n,_,5,_,_,a,t,t,r,_,",s,l,o,p,e,"
40,m,V,_,_,a,g,g,_,l,i,n,e,a,r,_,t,r,e,n,d,_,_,f,_,a,g,g,_,",m,i,n,",_,_,c,h,u,n,k,_,l,e,n,_,5,_,_,a,t,t,r,_,",s,t,d,e,r,r,"
41,m,V,_,_,a,g,g,_,l,i,n,e,a,r,_,t,r,e,n,d,_,_,f,_,a,g,g,_,",v,a,r,",_,_,c,h,u,n,k,_,l,e,n,_,1,0,_,_,a,t,t,r,_,",i,n,t,e,r,c,e,p,t,"
42,m,V,_,_,a,g,g,_,l,i,n,e,a,r,_,t,r,e,n,d,_,_,f,_,a,g,g,_,",v,a,r,",_,_,c,h,u,n,k,_,l,e,n,_,1,0,_,_,a,t,t,r,_,",r,v,a,l,u,e,"
43,m,V,_,_,a,g,g,_,l,i,n,e,a,r,_,t,r,e,n,d,_,_,f,_,a,g,g,_,",v,a,r,",_,_,c,h,u,n,k,_,l,e,n,_,1,0,_,_,a,t,t,r,_,",s,l,o,p,e,"
44,m,V,_,_,a,g,g,_,l,i,n,e,a,r,_,t,r,e,n,d,_,_,f,_,a,g,g,_,",v,a,r,",_,_,c,h,u,n,k,_,l,e,n,_,1,0,_,_,a,t,t,r,_,",s,t,d,e,r,r,"
45,m,V,_,_,a,g,g,_,l,i,n,e,a,r,_,t,r,e,n,d,_,_,f,_,a,g,g,_,",v,a,r,",_,_,c,h,u,n,k,_,l,e,n,_,5,0,_,_,a,t,t,r,_,",i,n,t,e,r,c,e,p,t,"
46,m,V,_,_,a,g,g,_,l,i,n,e,a,r,_,t,r,e,n,d,_,_,f,_,a,g,g,_,",v,a,r,",_,_,c,h,u,n,k,_,l,e,n,_,5,0,_,_,a,t,t,r,_,",r,v,a,l,u,e,"
47,m,V,_,_,a,g,g,_,l,i,n,e,a,r,_,t,r,e,n,d,_,_,f,_,a,g,g,_,",v,a,r,",_,_,c,h,u,n,k,_,l,e,n,_,5,0,_,_,a,t,t,r,_,",s,l,o,p,e,"
48,m,V,_,_,a,g,g,_,l,i,n,e,a,r,_,t,r,e,n,d,_,_,f,_,a,g,g,_,",v,a,r,",_,_,c,h,u,n,k,_,l,e,n,_,5,0,_,_,a,t,t,r,_,",s,t,d,e,r,r,"
49,m,V,_,_,a,g,g,_,l,i,n,e,a,r,_,t,r,e,n,d,_,_,f,_,a,g,g,_,",v,a,r,",_,_,c,h,u,n,k,_,l,e,n,_,5,_,_,a,t,t,r,_,",i,n,t,e,r,c,e,p,t,"
50,m,V,_,_,a,g,g,_,l,i,n,e,a,r,_,t,r,e,n,d,_,_,f,_,a,g,g,_,",v,a,r,",_,_,c,h,u,n,k,_,l,e,n,_,5,_,_,a,t,t,r,_,",r,v,a,l,u,e,"
51,m,V,_,_,a,g,g,_,l,i,n,e,a,r,_,t,r,e,n,d,_,_,f,_,a,g,g,_,",v,a,r,",_,_,c,h,u,n,k,_,l,e,n,_,5,_,_,a,t,t,r,_,",s,l,o,p,e,"
52,m,V,_,_,a,g,g,_,l,i,n,e,a,r,_,t,r,e,n,d,_,_,f,_,a,g,g,_,",v,a,r,",_,_,c,h,u,n,k,_,l,e,n,_,5,_,_,a,t,t,r,_,",s,t,d,e,r,r,"
53,m,V,_,_,a,p,p,r,o,x,i,m,a,t,e,_,e,n,t,r,o,p,y,_,_,m,_,2,_,_,r,_,0,.,1
54,m,V,_,_,a,p,p,r,o,x,i,m,a,t,e,_,e,n,t,r,o,p,y,_,_,m,_,2,_,_,r,_,0,.,3
55,m,V,_,_,a,p,p,r,o,x,i,m,a,t,e,_,e,n,t,r,o,p,y,_,_,m,_,2,_,_,r,_,0,.,5
56,m,V,_,_,a,p,p,r,o,x,i,m,a,t,e,_,e,n,t,r,o,p,y,_,_,m,_,2,_,_,r,_,0,.,7
57,m,V,_,_,a,p,p,r,o,x,i,m,a,t,e,_,e,n,t,r,o,p,y,_,_,m,_,2,_,_,r,_,0,.,9
58,m,V,_,_,a,r,_,c,o,e,f,f,i,c,i,e,n,t,_,_,k,_,1,0,_,_,c,o,e,f,f,_,0
59,m,V,_,_,a,r,_,c,o,e,f,f,i,c,i,e,n,t,_,_,k,_,1,0,_,_,c,o,e,f,f,_,1
60,m,V,_,_,a,r,_,c,o,e,f,f,i,c,i,e,n,t,_,_,k,_,1,0,_,_,c,o,e,f,f,_,2
61,m,V,_,_,a,r,_,c,o,e,f,f,i,c,i,e,n,t,_,_,k,_,1,0,_,_,c,o,e,f,f,_,3
62,m,V,_,_,a,r,_,c,o,e,f,f,i,c,i,e,n,t,_,_,k,_,1,0,_,_,c,o,e,f,f,_,4
63,m,V,_,_,a,u,g,m,e,n,t,e,d,_,d,i,c,k,e,y,_,f,u,l,l,e,r,_,_,a,t,t,r,_,",p,v,a,l,u,e,"
64,m,V,_,_,a,u,g,m,e,n,t,e,d,_,d,i,c,k,e,y,_,f,u,l,l,e,r,_,_,a,t,t,r,_,",t,e,s,t,s,t,a,t,"
65,m,V,_,_,a,u,g,m,e,n,t,e,d,_,d,i,c,k,e,y,_,f,u,l,l,e,r,_,_,a,t,t,r,_,",u,s,e,d,l,a,g,"
66,m,V,_,_,a,u,t,o,c,o,r,r,e,l,a,t,i,o,n,_,_,l,a,g,_,0
67,m,V,_,_,a,u,t,o,c,o,r,r,e,l,a,t,i,o,n,_,_,l,a,g,_,1
68,m,V,_,_,a,u,t,o,c,o,r,r,e,l,a,t,i,o,n,_,_,l,a,g,_,2
69,m,V,_,_,a,u,t,o,c,o,r,r,e,l,a,t,i,o,n,_,_,l,a,g,_,3
70,m,V,_,_,a,u,t,o,c,o,r,r,e,l,a,t,i,o,n,_,_,l,a,g,_,4
71,m,V,_,_,a,u,t,o,c,o,r,r,e,l,a,t,i,o,n,_,_,l,a,g,_,5
72,m,V,_,_,a,u,t,o,c,o,r,r,e,l,a,t,i,o,n,_,_,l,a,g,_,6
73,m,V,_,_,a,u,t,o,c,o,r,r,e,l,a,t,i,o,n,_,_,l,a,g,_,7
74,m,V,_,_,a,u,t,o,c,o,r,r,e,l,a,t,i,o,n,_,_,l,a,g,_,8
75,m,V,_,_,a,u,t,o,c,o,r,r,e,l,a,t,i,o,n,_,_,l,a,g,_,9
76,m,V,_,_,b,i,n,n,e,d,_,e,n,t,r,o,p,y,_,_,m,a,x,_,b,i,n,s,_,1,0
77,m,V,_,_,c,3,_,_,l,a,g,_,1
78,m,V,_,_,c,3,_,_,l,a,g,_,2
79,m,V,_,_,c,3,_,_,l,a,g,_,3
80,m,V,_,_,c,h,a,n,g,e,_,q,u,a,n,t,i,l,e,s,_,_,f,_,a,g,g,_,",m,e,a,n,",_,_,i,s,a,b,s,_,F,a,l,s,e,_,_,q,h,_,0,.,2,_,_,q,l,_,0,.,0
81,m,V,_,_,c,h,a,n,g,e,_,q,u,a,n,t,i,l,e,s,_,_,f,_,a,g,g,_,",m,e,a,n,",_,_,i,s,a,b,s,_,F,a,l,s,e,_,_,q,h,_,0,.,4,_,_,q,l,_,0,.,0
82,m,V,_,_,c,h,a,n,g,e,_,q,u,a,n,t,i,l,e,s,_,_,f,_,a,g,g,_,",m,e,a,n,",_,_,i,s,a,b,s,_,F,a,l,s,e,_,_,q,h,_,0,.,4,_,_,q,l,_,0,.,2
83,m,V,_,_,c,h,a,n,g,e,_,q,u,a,n,t,i,l,e,s,_,_,f,_,a,g,g,_,",m,e,a,n,",_,_,i,s,a,b,s,_,F,a,l,s,e,_,_,q,h,_,0,.,6,_,_,q,l,_,0,.,0
84,m,V,_,_,c,h,a,n,g,e,_,q,u,a,n,t,i,l,e,s,_,_,f,_,a,g,g,_,",m,e,a,n,",_,_,i,s,a,b,s,_,F,a,l,s,e,_,_,q,h,_,0,.,6,_,_,q,l,_,0,.,2
85,m,V,_,_,c,h,a,n,g,e,_,q,u,a,n,t,i,l,e,s,_,_,f,_,a,g,g,_,",m,e,a,n,",_,_,i,s,a,b,s,_,F,a,l,s,e,_,_,q,h,_,0,.,6,_,_,q,l,_,0,.,4
86,m,V,_,_,c,h,a,n,g,e,_,q,u,a,n,t,i,l,e,s,_,_,f,_,a,g,g,_,",m,e,a,n,",_,_,i,s,a,b,s,_,F,a,l,s,e,_,_,q,h,_,0,.,8,_,_,q,l,_,0,.,0
87,m,V,_,_,c,h,a,n,g,e,_,q,u,a,n,t,i,l,e,s,_,_,f,_,a,g,g,_,",m,e,a,n,",_,_,i,s,a,b,s,_,F,a,l,s,e,_,_,q,h,_,0,.,8,_,_,q,l,_,0,.,2
88,m,V,_,_,c,h,a,n,g,e,_,q,u,a,n,t,i,l,e,s,_,_,f,_,a,g,g,_,",m,e,a,n,",_,_,i,s,a,b,s,_,F,a,l,s,e,_,_,q,h,_,0,.,8,_,_,q,l,_,0,.,4
89,m,V,_,_,c,h,a,n,g,e,_,q,u,a,n,t,i,l,e,s,_,_,f,_,a,g,g,_,",m,e,a,n,",_,_,i,s,a,b,s,_,F,a,l,s,e,_,_,q,h,_,0,.,8,_,_,q,l,_,0,.,6
90,m,V,_,_,c,h,a,n,g,e,_,q,u,a,n,t,i,l,e,s,_,_,f,_,a,g,g,_,",m,e,a,n,",_,_,i,s,a,b,s,_,F,a,l,s,e,_,_,q,h,_,1,.,0,_,_,q,l,_,0,.,0
91,m,V,_,_,c,h,a,n,g,e,_,q,u,a,n,t,i,l,e,s,_,_,f,_,a,g,g,_,",m,e,a,n,",_,_,i,s,a,b,s,_,F,a,l,s,e,_,_,q,h,_,1,.,0,_,_,q,l,_,0,.,2
92,m,V,_,_,c,h,a,n,g,e,_,q,u,a,n,t,i,l,e,s,_,_,f,_,a,g,g,_,",m,e,a,n,",_,_,i,s,a,b,s,_,F,a,l,s,e,_,_,q,h,_,1,.,0,_,_,q,l,_,0,.,4
93,m,V,_,_,c,h,a,n,g,e,_,q,u,a,n,t,i,l,e,s,_,_,f,_,a,g,g,_,",m,e,a,n,",_,_,i,s,a,b,s,_,F,a,l,s,e,_,_,q,h,_,1,.,0,_,_,q,l,_,0,.,6
94,m,V,_,_,c,h,a,n,g,e,_,q,u,a,n,t,i,l,e,s,_,_,f,_,a,g,g,_,",m,e,a,n,",_,_,i,s,a,b,s,_,F,a,l,s,e,_,_,q,h,_,1,.,0,_,_,q,l,_,0,.,8
95,m,V,_,_,c,h,a,n,g,e,_,q,u,a,n,t,i,l,e,s,_,_,f,_,a,g,g,_,",m,e,a,n,",_,_,i,s,a,b,s,_,T,r,u,e,_,_,q,h,_,0,.,2,_,_,q,l,_,0,.,0
96,m,V,_,_,c,h,a,n,g,e,_,q,u,a,n,t,i,l,e,s,_,_,f,_,a,g,g,_,",m,e,a,n,",_,_,i,s,a,b,s,_,T,r,u,e,_,_,q,h,_,0,.,4,_,_,q,l,_,0,.,0
97,m,V,_,_,c,h,a,n,g,e,_,q,u,a,n,t,i,l,e,s,_,_,f,_,a,g,g,_,",m,e,a,n,",_,_,i,s,a,b,s,_,T,r,u,e,_,_,q,h,_,0,.,4,_,_,q,l,_,0,.,2
98,m,V,_,_,c,h,a,n,g,e,_,q,u,a,n,t,i,l,e,s,_,_,f,_,a,g,g,_,",m,e,a,n,",_,_,i,s,a,b,s,_,T,r,u,e,_,_,q,h,_,0,.,6,_,_,q,l,_,0,.,0
99,m,V,_,_,c,h,a,n,g,e,_,q,u,a,n,t,i,l,e,s,_,_,f,_,a,g,g,_,",m,e,a,n,",_,_,i,s,a,b,s,_,T,r,u,e,_,_,q,h,_,0,.,6,_,_,q,l,_,0,.,2
100,m,V,_,_,c,h,a,n,g,e,_,q,u,a,n,t,i,l,e,s,_,_,f,_,a,g,g,_,",m,e,a,n,",_,_,i,s,a,b,s,_,T,r,u,e,_,_,q,h,_,0,.,6,_,_,q,l,_,0,.,4
101,m,V,_,_,c,h,a,n,g,e,_,q,u,a,n,t,i,l,e,s,_,_,f,_,a,g,g,_,",m,e,a,n,",_,_,i,s,a,b,s,_,T,r,u,e,_,_,q,h,_,0,.,8,_,_,q,l,_,0,.,0
102,m,V,_,_,c,h,a,n,g,e,_,q,u,a,n,t,i,l,e,s,_,_,f,_,a,g,g,_,",m,e,a,n,",_,_,i,s,a,b,s,_,T,r,u,e,_,_,q,h,_,0,.,8,_,_,q,l,_,0,.,2
103,m,V,_,_,c,h,a,n,g,e,_,q,u,a,n,t,i,l,e,s,_,_,f,_,a,g,g,_,",m,e,a,n,",_,_,i,s,a,b,s,_,T,r,u,e,_,_,q,h,_,0,.,8,_,_,q,l,_,0,.,4
104,m,V,_,_,c,h,a,n,g,e,_,q,u,a,n,t,i,l,e,s,_,_,f,_,a,g,g,_,",m,e,a,n,",_,_,i,s,a,b,s,_,T,r,u,e,_,_,q,h,_,0,.,8,_,_,q,l,_,0,.,6
105,m,V,_,_,c,h,a,n,g,e,_,q,u,a,n,t,i,l,e,s,_,_,f,_,a,g,g,_,",m,e,a,n,",_,_,i,s,a,b,s,_,T,r,u,e,_,_,q,h,_,1,.,0,_,_,q,l,_,0,.,0
106,m,V,_,_,c,h,a,n,g,e,_,q,u,a,n,t,i,l,e,s,_,_,f,_,a,g,g,_,",m,e,a,n,",_,_,i,s,a,b,s,_,T,r,u,e,_,_,q,h,_,1,.,0,_,_,q,l,_,0,.,2
107,m,V,_,_,c,h,a,n,g,e,_,q,u,a,n,t,i,l,e,s,_,_,f,_,a,g,g,_,",m,e,a,n,",_,_,i,s,a,b,s,_,T,r,u,e,_,_,q,h,_,1,.,0,_,_,q,l,_,0,.,4
108,m,V,_,_,c,h,a,n,g,e,_,q,u,a,n,t,i,l,e,s,_,_,f,_,a,g,g,_,",m,e,a,n,",_,_,i,s,a,b,s,_,T,r,u,e,_,_,q,h,_,1,.,0,_,_,q,l,_,0,.,6
109,m,V,_,_,c,h,a,n,g,e,_,q,u,a,n,t,i,l,e,s,_,_,f,_,a,g,g,_,",m,e,a,n,",_,_,i,s,a,b,s,_,T,r,u,e,_,_,q,h,_,1,.,0,_,_,q,l,_,0,.,8
110,m,V,_,_,c,h,a,n,g,e,_,q,u,a,n,t,i,l,e,s,_,_,f,_,a,g,g,_,",v,a,r,",_,_,i,s,a,b,s,_,F,a,l,s,e,_,_,q,h,_,0,.,2,_,_,q,l,_,0,.,0
111,m,V,_,_,c,h,a,n,g,e,_,q,u,a,n,t,i,l,e,s,_,_,f,_,a,g,g,_,",v,a,r,",_,_,i,s,a,b,s,_,F,a,l,s,e,_,_,q,h,_,0,.,4,_,_,q,l,_,0,.,0
112,m,V,_,_,c,h,a,n,g,e,_,q,u,a,n,t,i,l,e,s,_,_,f,_,a,g,g,_,",v,a,r,",_,_,i,s,a,b,s,_,F,a,l,s,e,_,_,q,h,_,0,.,4,_,_,q,l,_,0,.,2
113,m,V,_,_,c,h,a,n,g,e,_,q,u,a,n,t,i,l,e,s,_,_,f,_,a,g,g,_,",v,a,r,",_,_,i,s,a,b,s,_,F,a,l,s,e,_,_,q,h,_,0,.,6,_,_,q,l,_,0,.,0
114,m,V,_,_,c,h,a,n,g,e,_,q,u,a,n,t,i,l,e,s,_,_,f,_,a,g,g,_,",v,a,r,",_,_,i,s,a,b,s,_,F,a,l,s,e,_,_,q,h,_,0,.,6,_,_,q,l,_,0,.,2
115,m,V,_,_,c,h,a,n,g,e,_,q,u,a,n,t,i,l,e,s,_,_,f,_,a,g,g,_,",v,a,r,",_,_,i,s,a,b,s,_,F,a,l,s,e,_,_,q,h,_,0,.,6,_,_,q,l,_,0,.,4
116,m,V,_,_,c,h,a,n,g,e,_,q,u,a,n,t,i,l,e,s,_,_,f,_,a,g,g,_,",v,a,r,",_,_,i,s,a,b,s,_,F,a,l,s,e,_,_,q,h,_,0,.,8,_,_,q,l,_,0,.,0
117,m,V,_,_,c,h,a,n,g,e,_,q,u,a,n,t,i,l,e,s,_,_,f,_,a,g,g,_,",v,a,r,",_,_,i,s,a,b,s,_,F,a,l,s,e,_,_,q,h,_,0,.,8,_,_,q,l,_,0,.,2
118,m,V,_,_,c,h,a,n,g,e,_,q,u,a,n,t,i,l,e,s,_,_,f,_,a,g,g,_,",v,a,r,",_,_,i,s,a,b,s,_,F,a,l,s,e,_,_,q,h,_,0,.,8,_,_,q,l,_,0,.,4
119,m,V,_,_,c,h,a,n,g,e,_,q,u,a,n,t,i,l,e,s,_,_,f,_,a,g,g,_,",v,a,r,",_,_,i,s,a,b,s,_,F,a,l,s,e,_,_,q,h,_,0,.,8,_,_,q,l,_,0,.,6
120,m,V,_,_,c,h,a,n,g,e,_,q,u,a,n,t,i,l,e,s,_,_,f,_,a,g,g,_,",v,a,r,",_,_,i,s,a,b,s,_,F,a,l,s,e,_,_,q,h,_,1,.,0,_,_,q,l,_,0,.,0
121,m,V,_,_,c,h,a,n,g,e,_,q,u,a,n,t,i,l,e,s,_,_,f,_,a,g,g,_,",v,a,r,",_,_,i,s,a,b,s,_,F,a,l,s,e,_,_,q,h,_,1,.,0,_,_,q,l,_,0,.,2
122,m,V,_,_,c,h,a,n,g,e,_,q,u,a,n,t,i,l,e,s,_,_,f,_,a,g,g,_,",v,a,r,",_,_,i,s,a,b,s,_,F,a,l,s,e,_,_,q,h,_,1,.,0,_,_,q,l,_,0,.,4
123,m,V,_,_,c,h,a,n,g,e,_,q,u,a,n,t,i,l,e,s,_,_,f,_,a,g,g,_,",v,a,r,",_,_,i,s,a,b,s,_,F,a,l,s,e,_,_,q,h,_,1,.,0,_,_,q,l,_,0,.,6
124,m,V,_,_,c,h,a,n,g,e,_,q,u,a,n,t,i,l,e,s,_,_,f,_,a,g,g,_,",v,a,r,",_,_,i,s,a,b,s,_,F,a,l,s,e,_,_,q,h,_,1,.,0,_,_,q,l,_,0,.,8
125,m,V,_,_,c,h,a,n,g,e,_,q,u,a,n,t,i,l,e,s,_,_,f,_,a,g,g,_,",v,a,r,",_,_,i,s,a,b,s,_,T,r,u,e,_,_,q,h,_,0,.,2,_,_,q,l,_,0,.,0
126,m,V,_,_,c,h,a,n,g,e,_,q,u,a,n,t,i,l,e,s,_,_,f,_,a,g,g,_,",v,a,r,",_,_,i,s,a,b,s,_,T,r,u,e,_,_,q,h,_,0,.,4,_,_,q,l,_,0,.,0
127,m,V,_,_,c,h,a,n,g,e,_,q,u,a,n,t,i,l,e,s,_,_,f,_,a,g,g,_,",v,a,r,",_,_,i,s,a,b,s,_,T,r,u,e,_,_,q,h,_,0,.,4,_,_,q,l,_,0,.,2
128,m,V,_,_,c,h,a,n,g,e,_,q,u,a,n,t,i,l,e,s,_,_,f,_,a,g,g,_,",v,a,r,",_,_,i,s,a,b,s,_,T,r,u,e,_,_,q,h,_,0,.,6,_,_,q,l,_,0,.,0
129,m,V,_,_,c,h,a,n,g,e,_,q,u,a,n,t,i,l,e,s,_,_,f,_,a,g,g,_,",v,a,r,",_,_,i,s,a,b,s,_,T,r,u,e,_,_,q,h,_,0,.,6,_,_,q,l,_,0,.,2
130,m,V,_,_,c,h,a,n,g,e,_,q,u,a,n,t,i,l,e,s,_,_,f,_,a,g,g,_,",v,a,r,",_,_,i,s,a,b,s,_,T,r,u,e,_,_,q,h,_,0,.,6,_,_,q,l,_,0,.,4
131,m,V,_,_,c,h,a,n,g,e,_,q,u,a,n,t,i,l,e,s,_,_,f,_,a,g,g,_,",v,a,r,",_,_,i,s,a,b,s,_,T,r,u,e,_,_,q,h,_,0,.,8,_,_,q,l,_,0,.,0
132,m,V,_,_,c,h,a,n,g,e,_,q,u,a,n,t,i,l,e,s,_,_,f,_,a,g,g,_,",v,a,r,",_,_,i,s,a,b,s,_,T,r,u,e,_,_,q,h,_,0,.,8,_,_,q,l,_,0,.,2
133,m,V,_,_,c,h,a,n,g,e,_,q,u,a,n,t,i,l,e,s,_,_,f,_,a,g,g,_,",v,a,r,",_,_,i,s,a,b,s,_,T,r,u,e,_,_,q,h,_,0,.,8,_,_,q,l,_,0,.,4
134,m,V,_,_,c,h,a,n,g,e,_,q,u,a,n,t,i,l,e,s,_,_,f,_,a,g,g,_,",v,a,r,",_,_,i,s,a,b,s,_,T,r,u,e,_,_,q,h,_,0,.,8,_,_,q,l,_,0,.,6
135,m,V,_,_,c,h,a,n,g,e,_,q,u,a,n,t,i,l,e,s,_,_,f,_,a,g,g,_,",v,a,r,",_,_,i,s,a,b,s,_,T,r,u,e,_,_,q,h,_,1,.,0,_,_,q,l,_,0,.,0
136,m,V,_,_,c,h,a,n,g,e,_,q,u,a,n,t,i,l,e,s,_,_,f,_,a,g,g,_,",v,a,r,",_,_,i,s,a,b,s,_,T,r,u,e,_,_,q,h,_,1,.,0,_,_,q,l,_,0,.,2
137,m,V,_,_,c,h,a,n,g,e,_,q,u,a,n,t,i,l,e,s,_,_,f,_,a,g,g,_,",v,a,r,",_,_,i,s,a,b,s,_,T,r,u,e,_,_,q,h,_,1,.,0,_,_,q,l,_,0,.,4
138,m,V,_,_,c,h,a,n,g,e,_,q,u,a,n,t,i,l,e,s,_,_,f,_,a,g,g,_,",v,a,r,",_,_,i,s,a,b,s,_,T,r,u,e,_,_,q,h,_,1,.,0,_,_,q,l,_,0,.,6
139,m,V,_,_,c,h,a,n,g,e,_,q,u,a,n,t,i,l,e,s,_,_,f,_,a,g,g,_,",v,a,r,",_,_,i,s,a,b,s,_,T,r,u,e,_,_,q,h,_,1,.,0,_,_,q,l,_,0,.,8
140,m,V,_,_,c,i,d,_,c,e,_,_,n,o,r,m,a,l,i,z,e,_,F,a,l,s,e
141,m,V,_,_,c,i,d,_,c,e,_,_,n,o,r,m,a,l,i,z,e,_,T,r,u,e
142,m,V,_,_,c,o,u,n,t,_,a,b,o,v,e,_,m,e,a,n
143,m,V,_,_,c,o,u,n,t,_,b,e,l,o,w,_,m,e,a,n
144,m,V,_,_,c,w,t,_,c,o,e,f,f,i,c,i,e,n,t,s,_,_,w,i,d,t,h,s,_,(,2,,, ,5,,, ,1,0,,, ,2,0,),_,_,c,o,e,f,f,_,0,_,_,w,_,1,0
145,m,V,_,_,c,w,t,_,c,o,e,f,f,i,c,i,e,n,t,s,_,_,w,i,d,t,h,s,_,(,2,,, ,5,,, ,1,0,,, ,2,0,),_,_,c,o,e,f,f,_,0,_,_,w,_,2
146,m,V,_,_,c,w,t,_,c,o,e,f,f,i,c,i,e,n,t,s,_,_,w,i,d,t,h,s,_,(,2,,, ,5,,, ,1,0,,, ,2,0,),_,_,c,o,e,f,f,_,0,_,_,w,_,2,0
147,m,V,_,_,c,w,t,_,c,o,e,f,f,i,c,i,e,n,t,s,_,_,w,i,d,t,h,s,_,(,2,,, ,5,,, ,1,0,,, ,2,0,),_,_,c,o,e,f,f,_,0,_,_,w,_,5
148,m,V,_,_,c,w,t,_,c,o,e,f,f,i,c,i,e,n,t,s,_,_,w,i,d,t,h,s,_,(,2,,, ,5,,, ,1,0,,, ,2,0,),_,_,c,o,e,f,f,_,1,0,_,_,w,_,1,0
149,m,V,_,_,c,w,t,_,c,o,e,f,f,i,c,i,e,n,t,s,_,_,w,i,d,t,h,s,_,(,2,,, ,5,,, ,1,0,,, ,2,0,),_,_,c,o,e,f,f,_,1,0,_,_,w,_,2
150,m,V,_,_,c,w,t,_,c,o,e,f,f,i,c,i,e,n,t,s,_,_,w,i,d,t,h,s,_,(,2,,, ,5,,, ,1,0,,, ,2,0,),_,_,c,o,e,f,f,_,1,0,_,_,w,_,2,0
151,m,V,_,_,c,w,t,_,c,o,e,f,f,i,c,i,e,n,t,s,_,_,w,i,d,t,h,s,_,(,2,,, ,5,,, ,1,0,,, ,2,0,),_,_,c,o,e,f,f,_,1,0,_,_,w,_,5
152,m,V,_,_,c,w,t,_,c,o,e,f,f,i,c,i,e,n,t,s,_,_,w,i,d,t,h,s,_,(,2,,, ,5,,, ,1,0,,, ,2,0,),_,_,c,o,e,f,f,_,1,1,_,_,w,_,1,0
153,m,V,_,_,c,w,t,_,c,o,e,f,f,i,c,i,e,n,t,s,_,_,w,i,d,t,h,s,_,(,2,,, ,5,,, ,1,0,,, ,2,0,),_,_,c,o,e,f,f,_,1,1,_,_,w,_,2
154,m,V,_,_,c,w,t,_,c,o,e,f,f,i,c,i,e,n,t,s,_,_,w,i,d,t,h,s,_,(,2,,, ,5,,, ,1,0,,, ,2,0,),_,_,c,o,e,f,f,_,1,1,_,_,w,_,2,0
155,m,V,_,_,c,w,t,_,c,o,e,f,f,i,c,i,e,n,t,s,_,_,w,i,d,t,h,s,_,(,2,,, ,5,,, ,1,0,,, ,2,0,),_,_,c,o,e,f,f,_,1,1,_,_,w,_,5
156,m,V,_,_,c,w,t,_,c,o,e,f,f,i,c,i,e,n,t,s,_,_,w,i,d,t,h,s,_,(,2,,, ,5,,, ,1,0,,, ,2,0,),_,_,c,o,e,f,f,_,1,2,_,_,w,_,1,0
157,m,V,_,_,c,w,t,_,c,o,e,f,f,i,c,i,e,n,t,s,_,_,w,i,d,t,h,s,_,(,2,,, ,5,,, ,1,0,,, ,2,0,),_,_,c,o,e,f,f,_,1,2,_,_,w,_,2
158,m,V,_,_,c,w,t,_,c,o,e,f,f,i,c,i,e,n,t,s,_,_,w,i,d,t,h,s,_,(,2,,, ,5,,, ,1,0,,, ,2,0,),_,_,c,o,e,f,f,_,1,2,_,_,w,_,2,0
159,m,V,_,_,c,w,t,_,c,o,e,f,f,i,c,i,e,n,t,s,_,_,w,i,d,t,h,s,_,(,2,,, ,5,,, ,1,0,,, ,2,0,),_,_,c,o,e,f,f,_,1,2,_,_,w,_,5
160,m,V,_,_,c,w,t,_,c,o,e,f,f,i,c,i,e,n,t,s,_,_,w,i,d,t,h,s,_,(,2,,, ,5,,, ,1,0,,, ,2,0,),_,_,c,o,e,f,f,_,1,3,_,_,w,_,1,0
161,m,V,_,_,c,w,t,_,c,o,e,f,f,i,c,i,e,n,t,s,_,_,w,i,d,t,h,s,_,(,2,,, ,5,,, ,1,0,,, ,2,0,),_,_,c,o,e,f,f,_,1,3,_,_,w,_,2
162,m,V,_,_,c,w,t,_,c,o,e,f,f,i,c,i,e,n,t,s,_,_,w,i,d,t,h,s,_,(,2,,, ,5,,, ,1,0,,, ,2,0,),_,_,c,o,e,f,f,_,1,3,_,_,w,_,2,0
163,m,V,_,_,c,w,t,_,c,o,e,f,f,i,c,i,e,n,t,s,_,_,w,i,d,t,h,s,_,(,2,,, ,5,,, ,1,0,,, ,2,0,),_,_,c,o,e,f,f,_,1,3,_,_,w,_,5
164,m,V,_,_,c,w,t,_,c,o,e,f,f,i,c,i,e,n,t,s,_,_,w,i,d,t,h,s,_,(,2,,, ,5,,, ,1,0,,, ,2,0,),_,_,c,o,e,f,f,_,1,4,_,_,w,_,1,0
165,m,V,_,_,c,w,t,_,c,o,e,f,f,i,c,i,e,n,t,s,_,_,w,i,d,t,h,s,_,(,2,,, ,5,,, ,1,0,,, ,2,0,),_,_,c,o,e,f,f,_,1,4,_,_,w,_,2
166,m,V,_,_,c,w,t,_,c,o,e,f,f,i,c,i,e,n,t,s,_,_,w,i,d,t,h,s,_,(,2,,, ,5,,, ,1,0,,, ,2,0,),_,_,c,o,e,f,f,_,1,4,_,_,w,_,2,0
167,m,V,_,_,c,w,t,_,c,o,e,f,f,i,c,i,e,n,t,s,_,_,w,i,d,t,h,s,_,(,2,,, ,5,,, ,1,0,,, ,2,0,),_,_,c,o,e,f,f,_,1,4,_,_,w,_,5
168,m,V,_,_,c,w,t,_,c,o,e,f,f,i,c,i,e,n,t,s,_,_,w,i,d,t,h,s,_,(,2,,, ,5,,, ,1,0,,, ,2,0,),_,_,c,o,e,f,f,_,1,_,_,w,_,1,0
169,m,V,_,_,c,w,t,_,c,o,e,f,f,i,c,i,e,n,t,s,_,_,w,i,d,t,h,s,_,(,2,,, ,5,,, ,1,0,,, ,2,0,),_,_,c,o,e,f,f,_,1,_,_,w,_,2
170,m,V,_,_,c,w,t,_,c,o,e,f,f,i,c,i,e,n,t,s,_,_,w,i,d,t,h,s,_,(,2,,, ,5,,, ,1,0,,, ,2,0,),_,_,c,o,e,f,f,_,1,_,_,w,_,2,0
171,m,V,_,_,c,w,t,_,c,o,e,f,f,i,c,i,e,n,t,s,_,_,w,i,d,t,h,s,_,(,2,,, ,5,,, ,1,0,,, ,2,0,),_,_,c,o,e,f,f,_,1,_,_,w,_,5
172,m,V,_,_,c,w,t,_,c,o,e,f,f,i,c,i,e,n,t,s,_,_,w,i,d,t,h,s,_,(,2,,, ,5,,, ,1,0,,, ,2,0,),_,_,c,o,e,f,f,_,2,_,_,w,_,1,0
173,m,V,_,_,c,w,t,_,c,o,e,f,f,i,c,i,e,n,t,s,_,_,w,i,d,t,h,s,_,(,2,,, ,5,,, ,1,0,,, ,2,0,),_,_,c,o,e,f,f,_,2,_,_,w,_,2
174,m,V,_,_,c,w,t,_,c,o,e,f,f,i,c,i,e,n,t,s,_,_,w,i,d,t,h,s,_,(,2,,, ,5,,, ,1,0,,, ,2,0,),_,_,c,o,e,f,f,_,2,_,_,w,_,2,0
175,m,V,_,_,c,w,t,_,c,o,e,f,f,i,c,i,e,n,t,s,_,_,w,i,d,t,h,s,_,(,2,,, ,5,,, ,1,0,,, ,2,0,),_,_,c,o,e,f,f,_,2,_,_,w,_,5
176,m,V,_,_,c,w,t,_,c,o,e,f,f,i,c,i,e,n,t,s,_,_,w,i,d,t,h,s,_,(,2,,, ,5,,, ,1,0,,, ,2,0,),_,_,c,o,e,f,f,_,3,_,_,w,_,1,0
177,m,V,_,_,c,w,t,_,c,o,e,f,f,i,c,i,e,n,t,s,_,_,w,i,d,t,h,s,_,(,2,,, ,5,,, ,1,0,,, ,2,0,),_,_,c,o,e,f,f,_,3,_,_,w,_,2
178,m,V,_,_,c,w,t,_,c,o,e,f,f,i,c,i,e,n,t,s,_,_,w,i,d,t,h,s,_,(,2,,, ,5,,, ,1,0,,, ,2,0,),_,_,c,o,e,f,f,_,3,_,_,w,_,2,0
179,m,V,_,_,c,w,t,_,c,o,e,f,f,i,c,i,e,n,t,s,_,_,w,i,d,t,h,s,_,(,2,,, ,5,,, ,1,0,,, ,2,0,),_,_,c,o,e,f,f,_,3,_,_,w,_,5
180,m,V,_,_,c,w,t,_,c,o,e,f,f,i,c,i,e,n,t,s,_,_,w,i,d,t,h,s,_,(,2,,, ,5,,, ,1,0,,, ,2,0,),_,_,c,o,e,f,f,_,4,_,_,w,_,1,0
181,m,V,_,_,c,w,t,_,c,o,e,f,f,i,c,i,e,n,t,s,_,_,w,i,d,t,h,s,_,(,2,,, ,5,,, ,1,0,,, ,2,0,),_,_,c,o,e,f,f,_,4,_,_,w,_,2
182,m,V,_,_,c,w,t,_,c,o,e,f,f,i,c,i,e,n,t,s,_,_,w,i,d,t,h,s,_,(,2,,, ,5,,, ,1,0,,, ,2,0,),_,_,c,o,e,f,f,_,4,_,_,w,_,2,0
183,m,V,_,_,c,w,t,_,c,o,e,f,f,i,c,i,e,n,t,s,_,_,w,i,d,t,h,s,_,(,2,,, ,5,,, ,1,0,,, ,2,0,),_,_,c,o,e,f,f,_,4,_,_,w,_,5
184,m,V,_,_,c,w,t,_,c,o,e,f,f,i,c,i,e,n,t,s,_,_,w,i,d,t,h,s,_,(,2,,, ,5,,, ,1,0,,, ,2,0,),_,_,c,o,e,f,f,_,5,_,_,w,_,1,0
185,m,V,_,_,c,w,t,_,c,o,e,f,f,i,c,i,e,n,t,s,_,_,w,i,d,t,h,s,_,(,2,,, ,5,,, ,1,0,,, ,2,0,),_,_,c,o,e,f,f,_,5,_,_,w,_,2
186,m,V,_,_,c,w,t,_,c,o,e,f,f,i,c,i,e,n,t,s,_,_,w,i,d,t,h,s,_,(,2,,, ,5,,, ,1,0,,, ,2,0,),_,_,c,o,e,f,f,_,5,_,_,w,_,2,0
187,m,V,_,_,c,w,t,_,c,o,e,f,f,i,c,i,e,n,t,s,_,_,w,i,d,t,h,s,_,(,2,,, ,5,,, ,1,0,,, ,2,0,),_,_,c,o,e,f,f,_,5,_,_,w,_,5
188,m,V,_,_,c,w,t,_,c,o,e,f,f,i,c,i,e,n,t,s,_,_,w,i,d,t,h,s,_,(,2,,, ,5,,, ,1,0,,, ,2,0,),_,_,c,o,e,f,f,_,6,_,_,w,_,1,0
189,m,V,_,_,c,w,t,_,c,o,e,f,f,i,c,i,e,n,t,s,_,_,w,i,d,t,h,s,_,(,2,,, ,5,,, ,1,0,,, ,2,0,),_,_,c,o,e,f,f,_,6,_,_,w,_,2
190,m,V,_,_,c,w,t,_,c,o,e,f,f,i,c,i,e,n,t,s,_,_,w,i,d,t,h,s,_,(,2,,, ,5,,, ,1,0,,, ,2,0,),_,_,c,o,e,f,f,_,6,_,_,w,_,2,0
191,m,V,_,_,c,w,t,_,c,o,e,f,f,i,c,i,e,n,t,s,_,_,w,i,d,t,h,s,_,(,2,,, ,5,,, ,1,0,,, ,2,0,),_,_,c,o,e,f,f,_,6,_,_,w,_,5
192,m,V,_,_,c,w,t,_,c,o,e,f,f,i,c,i,e,n,t,s,_,_,w,i,d,t,h,s,_,(,2,,, ,5,,, ,1,0,,, ,2,0,),_,_,c,o,e,f,f,_,7,_,_,w,_,1,0
193,m,V,_,_,c,w,t,_,c,o,e,f,f,i,c,i,e,n,t,s,_,_,w,i,d,t,h,s,_,(,2,,, ,5,,, ,1,0,,, ,2,0,),_,_,c,o,e,f,f,_,7,_,_,w,_,2
194,m,V,_,_,c,w,t,_,c,o,e,f,f,i,c,i,e,n,t,s,_,_,w,i,d,t,h,s,_,(,2,,, ,5,,, ,1,0,,, ,2,0,),_,_,c,o,e,f,f,_,7,_,_,w,_,2,0
195,m,V,_,_,c,w,t,_,c,o,e,f,f,i,c,i,e,n,t,s,_,_,w,i,d,t,h,s,_,(,2,,, ,5,,, ,1,0,,, ,2,0,),_,_,c,o,e,f,f,_,7,_,_,w,_,5
196,m,V,_,_,c,w,t,_,c,o,e,f,f,i,c,i,e,n,t,s,_,_,w,i,d,t,h,s,_,(,2,,, ,5,,, ,1,0,,, ,2,0,),_,_,c,o,e,f,f,_,8,_,_,w,_,1,0
197,m,V,_,_,c,w,t,_,c,o,e,f,f,i,c,i,e,n,t,s,_,_,w,i,d,t,h,s,_,(,2,,, ,5,,, ,1,0,,, ,2,0,),_,_,c,o,e,f,f,_,8,_,_,w,_,2
198,m,V,_,_,c,w,t,_,c,o,e,f,f,i,c,i,e,n,t,s,_,_,w,i,d,t,h,s,_,(,2,,, ,5,,, ,1,0,,, ,2,0,),_,_,c,o,e,f,f,_,8,_,_,w,_,2,0
199,m,V,_,_,c,w,t,_,c,o,e,f,f,i,c,i,e,n,t,s,_,_,w,i,d,t,h,s,_,(,2,,, ,5,,, ,1,0,,, ,2,0,),_,_,c,o,e,f,f,_,8,_,_,w,_,5
200,m,V,_,_,c,w,t,_,c,o,e,f,f,i,c,i,e,n,t,s,_,_,w,i,d,t,h,s,_,(,2,,, ,5,,, ,1,0,,, ,2,0,),_,_,c,o,e,f,f,_,9,_,_,w,_,1,0
201,m,V,_,_,c,w,t,_,c,o,e,f,f,i,c,i,e,n,t,s,_,_,w,i,d,t,h,s,_,(,2,,, ,5,,, ,1,0,,, ,2,0,),_,_,c,o,e,f,f,_,9,_,_,w,_,2
202,m,V,_,_,c,w,t,_,c,o,e,f,f,i,c,i,e,n,t,s,_,_,w,i,d,t,h,s,_,(,2,,, ,5,,, ,1,0,,, ,2,0,),_,_,c,o,e,f,f,_,9,_,_,w,_,2,0
203,m,V,_,_,c,w,t,_,c,o,e,f,f,i,c,i,e,n,t,s,_,_,w,i,d,t,h,s,_,(,2,,, ,5,,, ,1,0,,, ,2,0,),_,_,c,o,e,f,f,_,9,_,_,w,_,5
204,m,V,_,_,e,n,e,r,g,y,_,r,a,t,i,o,_,b,y,_,c,h,u,n,k,s,_,_,n,u,m,_,s,e,g,m,e,n,t,s,_,1,0,_,_,s,e,g,m,e,n,t,_,f,o,c,u,s,_,0
205,m,V,_,_,e,n,e,r,g,y,_,r,a,t,i,o,_,b,y,_,c,h,u,n,k,s,_,_,n,u,m,_,s,e,g,m,e,n,t,s,_,1,0,_,_,s,e,g,m,e,n,t,_,f,o,c,u,s,_,1
206,m,V,_,_,e,n,e,r,g,y,_,r,a,t,i,o,_,b,y,_,c,h,u,n,k,s,_,_,n,u,m,_,s,e,g,m,e,n,t,s,_,1,0,_,_,s,e,g,m,e,n,t,_,f,o,c,u,s,_,2
207,m,V,_,_,e,n,e,r,g,y,_,r,a,t,i,o,_,b,y,_,c,h,u,n,k,s,_,_,n,u,m,_,s,e,g,m,e,n,t,s,_,1,0,_,_,s,e,g,m,e,n,t,_,f,o,c,u,s,_,3
208,m,V,_,_,e,n,e,r,g,y,_,r,a,t,i,o,_,b,y,_,c,h,u,n,k,s,_,_,n,u,m,_,s,e,g,m,e,n,t,s,_,1,0,_,_,s,e,g,m,e,n,t,_,f,o,c,u,s,_,4
209,m,V,_,_,e,n,e,r,g,y,_,r,a,t,i,o,_,b,y,_,c,h,u,n,k,s,_,_,n,u,m,_,s,e,g,m,e,n,t,s,_,1,0,_,_,s,e,g,m,e,n,t,_,f,o,c,u,s,_,5
210,m,V,_,_,e,n,e,r,g,y,_,r,a,t,i,o,_,b,y,_,c,h,u,n,k,s,_,_,n,u,m,_,s,e,g,m,e,n,t,s,_,1,0,_,_,s,e,g,m,e,n,t,_,f,o,c,u,s,_,6
211,m,V,_,_,e,n,e,r,g,y,_,r,a,t,i,o,_,b,y,_,c,h,u,n,k,s,_,_,n,u,m,_,s,e,g,m,e,n,t,s,_,1,0,_,_,s,e,g,m,e,n,t,_,f,o,c,u,s,_,7
212,m,V,_,_,e,n,e,r,g,y,_,r,a,t,i,o,_,b,y,_,c,h,u,n,k,s,_,_,n,u,m,_,s,e,g,m,e,n,t,s,_,1,0,_,_,s,e,g,m,e,n,t,_,f,o,c,u,s,_,8
213,m,V,_,_,e,n,e,r,g,y,_,r,a,t,i,o,_,b,y,_,c,h,u,n,k,s,_,_,n,u,m,_,s,e,g,m,e,n,t,s,_,1,0,_,_,s,e,g,m,e,n,t,_,f,o,c,u,s,_,9
214,m,V,_,_,f,f,t,_,a,g,g,r,e,g,a,t,e,d,_,_,a,g,g,t,y,p,e,_,",c,e,n,t,r,o,i,d,"
215,m,V,_,_,f,f,t,_,a,g,g,r,e,g,a,t,e,d,_,_,a,g,g,t,y,p,e,_,",k,u,r,t,o,s,i,s,"
216,m,V,_,_,f,f,t,_,a,g,g,r,e,g,a,t,e,d,_,_,a,g,g,t,y,p,e,_,",s,k,e,w,"
217,m,V,_,_,f,f,t,_,a,g,g,r,e,g,a,t,e,d,_,_,a,g,g,t,y,p,e,_,",v,a,r,i,a,n,c,e,"
218,m,V,_,_,f,f,t,_,c,o,e,f,f,i,c,i,e,n,t,_,_,c,o,e,f,f,_,0,_,_,a,t,t,r,_,",a,b,s,"
219,m,V,_,_,f,f,t,_,c,o,e,f,f,i,c,i,e,n,t,_,_,c,o,e,f,f,_,0,_,_,a,t,t,r,_,",a,n,g,l,e,"
220,m,V,_,_,f,f,t,_,c,o,e,f,f,i,c,i,e,n,t,_,_,c,o,e,f,f,_,0,_,_,a,t,t,r,_,",i,m,a,g,"
221,m,V,_,_,f,f,t,_,c,o,e,f,f,i,c,i,e,n,t,_,_,c,o,e,f,f,_,0,_,_,a,t,t,r,_,",r,e,a,l,"
222,m,V,_,_,f,f,t,_,c,o,e,f,f,i,c,i,e,n,t,_,_,c,o,e,f,f,_,1,0,_,_,a,t,t,r,_,",a,b,s,"
223,m,V,_,_,f,f,t,_,c,o,e,f,f,i,c,i,e,n,t,_,_,c,o,e,f,f,_,1,0,_,_,a,t,t,r,_,",a,n,g,l,e,"
224,m,V,_,_,f,f,t,_,c,o,e,f,f,i,c,i,e,n,t,_,_,c,o,e,f,f,_,1,0,_,_,a,t,t,r,_,",i,m,a,g,"
225,m,V,_,_,f,f,t,_,c,o,e,f,f,i,c,i,e,n,t,_,_,c,o,e,f,f,_,1,0,_,_,a,t,t,r,_,",r,e,a,l,"
226,m,V,_,_,f,f,t,_,c,o,e,f,f,i,c,i,e,n,t,_,_,c,o,e,f,f,_,1,1,_,_,a,t,t,r,_,",a,b,s,"
227,m,V,_,_,f,f,t,_,c,o,e,f,f,i,c,i,e,n,t,_,_,c,o,e,f,f,_,1,1,_,_,a,t,t,r,_,",a,n,g,l,e,"
228,m,V,_,_,f,f,t,_,c,o,e,f,f,i,c,i,e,n,t,_,_,c,o,e,f,f,_,1,1,_,_,a,t,t,r,_,",i,m,a,g,"
229,m,V,_,_,f,f,t,_,c,o,e,f,f,i,c,i,e,n,t,_,_,c,o,e,f,f,_,1,1,_,_,a,t,t,r,_,",r,e,a,l,"
230,m,V,_,_,f,f,t,_,c,o,e,f,f,i,c,i,e,n,t,_,_,c,o,e,f,f,_,1,2,_,_,a,t,t,r,_,",a,b,s,"
231,m,V,_,_,f,f,t,_,c,o,e,f,f,i,c,i,e,n,t,_,_,c,o,e,f,f,_,1,2,_,_,a,t,t,r,_,",a,n,g,l,e,"
232,m,V,_,_,f,f,t,_,c,o,e,f,f,i,c,i,e,n,t,_,_,c,o,e,f,f,_,1,2,_,_,a,t,t,r,_,",i,m,a,g,"
233,m,V,_,_,f,f,t,_,c,o,e,f,f,i,c,i,e,n,t,_,_,c,o,e,f,f,_,1,2,_,_,a,t,t,r,_,",r,e,a,l,"
234,m,V,_,_,f,f,t,_,c,o,e,f,f,i,c,i,e,n,t,_,_,c,o,e,f,f,_,1,3,_,_,a,t,t,r,_,",a,b,s,"
235,m,V,_,_,f,f,t,_,c,o,e,f,f,i,c,i,e,n,t,_,_,c,o,e,f,f,_,1,3,_,_,a,t,t,r,_,",a,n,g,l,e,"
236,m,V,_,_,f,f,t,_,c,o,e,f,f,i,c,i,e,n,t,_,_,c,o,e,f,f,_,1,3,_,_,a,t,t,r,_,",i,m,a,g,"
237,m,V,_,_,f,f,t,_,c,o,e,f,f,i,c,i,e,n,t,_,_,c,o,e,f,f,_,1,3,_,_,a,t,t,r,_,",r,e,a,l,"
238,m,V,_,_,f,f,t,_,c,o,e,f,f,i,c,i,e,n,t,_,_,c,o,e,f,f,_,1,4,_,_,a,t,t,r,_,",a,b,s,"
239,m,V,_,_,f,f,t,_,c,o,e,f,f,i,c,i,e,n,t,_,_,c,o,e,f,f,_,1,4,_,_,a,t,t,r,_,",a,n,g,l,e,"
240,m,V,_,_,f,f,t,_,c,o,e,f,f,i,c,i,e,n,t,_,_,c,o,e,f,f,_,1,4,_,_,a,t,t,r,_,",i,m,a,g,"
241,m,V,_,_,f,f,t,_,c,o,e,f,f,i,c,i,e,n,t,_,_,c,o,e,f,f,_,1,4,_,_,a,t,t,r,_,",r,e,a,l,"
242,m,V,_,_,f,f,t,_,c,o,e,f,f,i,c,i,e,n,t,_,_,c,o,e,f,f,_,1,5,_,_,a,t,t,r,_,",a,b,s,"
243,m,V,_,_,f,f,t,_,c,o,e,f,f,i,c,i,e,n,t,_,_,c,o,e,f,f,_,1,5,_,_,a,t,t,r,_,",a,n,g,l,e,"
244,m,V,_,_,f,f,t,_,c,o,e,f,f,i,c,i,e,n,t,_,_,c,o,e,f,f,_,1,5,_,_,a,t,t,r,_,",i,m,a,g,"
245,m,V,_,_,f,f,t,_,c,o,e,f,f,i,c,i,e,n,t,_,_,c,o,e,f,f,_,1,5,_,_,a,t,t,r,_,",r,e,a,l,"
246,m,V,_,_,f,f,t,_,c,o,e,f,f,i,c,i,e,n,t,_,_,c,o,e,f,f,_,1,6,_,_,a,t,t,r,_,",a,b,s,"
247,m,V,_,_,f,f,t,_,c,o,e,f,f,i,c,i,e,n,t,_,_,c,o,e,f,f,_,1,6,_,_,a,t,t,r,_,",a,n,g,l,e,"
248,m,V,_,_,f,f,t,_,c,o,e,f,f,i,c,i,e,n,t,_,_,c,o,e,f,f,_,1,6,_,_,a,t,t,r,_,",i,m,a,g,"
249,m,V,_,_,f,f,t,_,c,o,e,f,f,i,c,i,e,n,t,_,_,c,o,e,f,f,_,1,6,_,_,a,t,t,r,_,",r,e,a,l,"
250,m,V,_,_,f,f,t,_,c,o,e,f,f,i,c,i,e,n,t,_,_,c,o,e,f,f,_,1,7,_,_,a,t,t,r,_,",a,b,s,"
251,m,V,_,_,f,f,t,_,c,o,e,f,f,i,c,i,e,n,t,_,_,c,o,e,f,f,_,1,7,_,_,a,t,t,r,_,",a,n,g,l,e,"
252,m,V,_,_,f,f,t,_,c,o,e,f,f,i,c,i,e,n,t,_,_,c,o,e,f,f,_,1,7,_,_,a,t,t,r,_,",i,m,a,g,"
253,m,V,_,_,f,f,t,_,c,o,e,f,f,i,c,i,e,n,t,_,_,c,o,e,f,f,_,1,7,_,_,a,t,t,r,_,",r,e,a,l,"
254,m,V,_,_,f,f,t,_,c,o,e,f,f,i,c,i,e,n,t,_,_,c,o,e,f,f,_,1,8,_,_,a,t,t,r,_,",a,b,s,"
255,m,V,_,_,f,f,t,_,c,o,e,f,f,i,c,i,e,n,t,_,_,c,o,e,f,f,_,1,8,_,_,a,t,t,r,_,",a,n,g,l,e,"
256,m,V,_,_,f,f,t,_,c,o,e,f,f,i,c,i,e,n,t,_,_,c,o,e,f,f,_,1,8,_,_,a,t,t,r,_,",i,m,a,g,"
257,m,V,_,_,f,f,t,_,c,o,e,f,f,i,c,i,e,n,t,_,_,c,o,e,f,f,_,1,8,_,_,a,t,t,r,_,",r,e,a,l,"
258,m,V,_,_,f,f,t,_,c,o,e,f,f,i,c,i,e,n,t,_,_,c,o,e,f,f,_,1,9,_,_,a,t,t,r,_,",a,b,s,"
259,m,V,_,_,f,f,t,_,c,o,e,f,f,i,c,i,e,n,t,_,_,c,o,e,f,f,_,1,9,_,_,a,t,t,r,_,",a,n,g,l,e,"
260,m,V,_,_,f,f,t,_,c,o,e,f,f,i,c,i,e,n,t,_,_,c,o,e,f,f,_,1,9,_,_,a,t,t,r,_,",i,m,a,g,"
261,m,V,_,_,f,f,t,_,c,o,e,f,f,i,c,i,e,n,t,_,_,c,o,e,f,f,_,1,9,_,_,a,t,t,r,_,",r,e,a,l,"
262,m,V,_,_,f,f,t,_,c,o,e,f,f,i,c,i,e,n,t,_,_,c,o,e,f,f,_,1,_,_,a,t,t,r,_,",a,b,s,"
263,m,V,_,_,f,f,t,_,c,o,e,f,f,i,c,i,e,n,t,_,_,c,o,e,f,f,_,1,_,_,a,t,t,r,_,",a,n,g,l,e,"
264,m,V,_,_,f,f,t,_,c,o,e,f,f,i,c,i,e,n,t,_,_,c,o,e,f,f,_,1,_,_,a,t,t,r,_,",i,m,a,g,"
265,m,V,_,_,f,f,t,_,c,o,e,f,f,i,c,i,e,n,t,_,_,c,o,e,f,f,_,1,_,_,a,t,t,r,_,",r,e,a,l,"
266,m,V,_,_,f,f,t,_,c,o,e,f,f,i,c,i,e,n,t,_,_,c,o,e,f,f,_,2,0,_,_,a,t,t,r,_,",a,b,s,"
267,m,V,_,_,f,f,t,_,c,o,e,f,f,i,c,i,e,n,t,_,_,c,o,e,f,f,_,2,0,_,_,a,t,t,r,_,",a,n,g,l,e,"
268,m,V,_,_,f,f,t,_,c,o,e,f,f,i,c,i,e,n,t,_,_,c,o,e,f,f,_,2,0,_,_,a,t,t,r,_,",i,m,a,g,"
269,m,V,_,_,f,f,t,_,c,o,e,f,f,i,c,i,e,n,t,_,_,c,o,e,f,f,_,2,0,_,_,a,t,t,r,_,",r,e,a,l,"
270,m,V,_,_,f,f,t,_,c,o,e,f,f,i,c,i,e,n,t,_,_,c,o,e,f,f,_,2,1,_,_,a,t,t,r,_,",a,b,s,"
271,m,V,_,_,f,f,t,_,c,o,e,f,f,i,c,i,e,n,t,_,_,c,o,e,f,f,_,2,1,_,_,a,t,t,r,_,",a,n,g,l,e,"
272,m,V,_,_,f,f,t,_,c,o,e,f,f,i,c,i,e,n,t,_,_,c,o,e,f,f,_,2,1,_,_,a,t,t,r,_,",i,m,a,g,"
273,m,V,_,_,f,f,t,_,c,o,e,f,f,i,c,i,e,n,t,_,_,c,o,e,f,f,_,2,1,_,_,a,t,t,r,_,",r,e,a,l,"
274,m,V,_,_,f,f,t,_,c,o,e,f,f,i,c,i,e,n,t,_,_,c,o,e,f,f,_,2,2,_,_,a,t,t,r,_,",a,b,s,"
275,m,V,_,_,f,f,t,_,c,o,e,f,f,i,c,i,e,n,t,_,_,c,o,e,f,f,_,2,2,_,_,a,t,t,r,_,",a,n,g,l,e,"
276,m,V,_,_,f,f,t,_,c,o,e,f,f,i,c,i,e,n,t,_,_,c,o,e,f,f,_,2,2,_,_,a,t,t,r,_,",i,m,a,g,"
277,m,V,_,_,f,f,t,_,c,o,e,f,f,i,c,i,e,n,t,_,_,c,o,e,f,f,_,2,2,_,_,a,t,t,r,_,",r,e,a,l,"
278,m,V,_,_,f,f,t,_,c,o,e,f,f,i,c,i,e,n,t,_,_,c,o,e,f,f,_,2,3,_,_,a,t,t,r,_,",a,b,s,"
279,m,V,_,_,f,f,t,_,c,o,e,f,f,i,c,i,e,n,t,_,_,c,o,e,f,f,_,2,3,_,_,a,t,t,r,_,",a,n,g,l,e,"
280,m,V,_,_,f,f,t,_,c,o,e,f,f,i,c,i,e,n,t,_,_,c,o,e,f,f,_,2,3,_,_,a,t,t,r,_,",i,m,a,g,"
281,m,V,_,_,f,f,t,_,c,o,e,f,f,i,c,i,e,n,t,_,_,c,o,e,f,f,_,2,3,_,_,a,t,t,r,_,",r,e,a,l,"
282,m,V,_,_,f,f,t,_,c,o,e,f,f,i,c,i,e,n,t,_,_,c,o,e,f,f,_,2,4,_,_,a,t,t,r,_,",a,b,s,"
283,m,V,_,_,f,f,t,_,c,o,e,f,f,i,c,i,e,n,t,_,_,c,o,e,f,f,_,2,4,_,_,a,t,t,r,_,",a,n,g,l,e,"
284,m,V,_,_,f,f,t,_,c,o,e,f,f,i,c,i,e,n,t,_,_,c,o,e,f,f,_,2,4,_,_,a,t,t,r,_,",i,m,a,g,"
285,m,V,_,_,f,f,t,_,c,o,e,f,f,i,c,i,e,n,t,_,_,c,o,e,f,f,_,2,4,_,_,a,t,t,r,_,",r,e,a,l,"
286,m,V,_,_,f,f,t,_,c,o,e,f,f,i,c,i,e,n,t,_,_,c,o,e,f,f,_,2,5,_,_,a,t,t,r,_,",a,b,s,"
287,m,V,_,_,f,f,t,_,c,o,e,f,f,i,c,i,e,n,t,_,_,c,o,e,f,f,_,2,5,_,_,a,t,t,r,_,",a,n,g,l,e,"
288,m,V,_,_,f,f,t,_,c,o,e,f,f,i,c,i,e,n,t,_,_,c,o,e,f,f,_,2,5,_,_,a,t,t,r,_,",i,m,a,g,"
289,m,V,_,_,f,f,t,_,c,o,e,f,f,i,c,i,e,n,t,_,_,c,o,e,f,f,_,2,5,_,_,a,t,t,r,_,",r,e,a,l,"
290,m,V,_,_,f,f,t,_,c,o,e,f,f,i,c,i,e,n,t,_,_,c,o,e,f,f,_,2,6,_,_,a,t,t,r,_,",a,b,s,"
291,m,V,_,_,f,f,t,_,c,o,e,f,f,i,c,i,e,n,t,_,_,c,o,e,f,f,_,2,6,_,_,a,t,t,r,_,",a,n,g,l,e,"
292,m,V,_,_,f,f,t,_,c,o,e,f,f,i,c,i,e,n,t,_,_,c,o,e,f,f,_,2,6,_,_,a,t,t,r,_,",i,m,a,g,"
293,m,V,_,_,f,f,t,_,c,o,e,f,f,i,c,i,e,n,t,_,_,c,o,e,f,f,_,2,6,_,_,a,t,t,r,_,",r,e,a,l,"
294,m,V,_,_,f,f,t,_,c,o,e,f,f,i,c,i,e,n,t,_,_,c,o,e,f,f,_,2,7,_,_,a,t,t,r,_,",a,b,s,"
295,m,V,_,_,f,f,t,_,c,o,e,f,f,i,c,i,e,n,t,_,_,c,o,e,f,f,_,2,7,_,_,a,t,t,r,_,",a,n,g,l,e,"
296,m,V,_,_,f,f,t,_,c,o,e,f,f,i,c,i,e,n,t,_,_,c,o,e,f,f,_,2,7,_,_,a,t,t,r,_,",i,m,a,g,"
297,m,V,_,_,f,f,t,_,c,o,e,f,f,i,c,i,e,n,t,_,_,c,o,e,f,f,_,2,7,_,_,a,t,t,r,_,",r,e,a,l,"
298,m,V,_,_,f,f,t,_,c,o,e,f,f,i,c,i,e,n,t,_,_,c,o,e,f,f,_,2,8,_,_,a,t,t,r,_,",a,b,s,"
299,m,V,_,_,f,f,t,_,c,o,e,f,f,i,c,i,e,n,t,_,_,c,o,e,f,f,_,2,8,_,_,a,t,t,r,_,",a,n,g,l,e,"
300,m,V,_,_,f,f,t,_,c,o,e,f,f,i,c,i,e,n,t,_,_,c,o,e,f,f,_,2,8,_,_,a,t,t,r,_,",i,m,a,g,"
301,m,V,_,_,f,f,t,_,c,o,e,f,f,i,c,i,e,n,t,_,_,c,o,e,f,f,_,2,8,_,_,a,t,t,r,_,",r,e,a,l,"
302,m,V,_,_,f,f,t,_,c,o,e,f,f,i,c,i,e,n,t,_,_,c,o,e,f,f,_,2,9,_,_,a,t,t,r,_,",a,b,s,"
303,m,V,_,_,f,f,t,_,c,o,e,f,f,i,c,i,e,n,t,_,_,c,o,e,f,f,_,2,9,_,_,a,t,t,r,_,",a,n,g,l,e,"
304,m,V,_,_,f,f,t,_,c,o,e,f,f,i,c,i,e,n,t,_,_,c,o,e,f,f,_,2,9,_,_,a,t,t,r,_,",i,m,a,g,"
305,m,V,_,_,f,f,t,_,c,o,e,f,f,i,c,i,e,n,t,_,_,c,o,e,f,f,_,2,9,_,_,a,t,t,r,_,",r,e,a,l,"
306,m,V,_,_,f,f,t,_,c,o,e,f,f,i,c,i,e,n,t,_,_,c,o,e,f,f,_,2,_,_,a,t,t,r,_,",a,b,s,"
307,m,V,_,_,f,f,t,_,c,o,e,f,f,i,c,i,e,n,t,_,_,c,o,e,f,f,_,2,_,_,a,t,t,r,_,",a,n,g,l,e,"
308,m,V,_,_,f,f,t,_,c,o,e,f,f,i,c,i,e,n,t,_,_,c,o,e,f,f,_,2,_,_,a,t,t,r,_,",i,m,a,g,"
309,m,V,_,_,f,f,t,_,c,o,e,f,f,i,c,i,e,n,t,_,_,c,o,e,f,f,_,2,_,_,a,t,t,r,_,",r,e,a,l,"
310,m,V,_,_,f,f,t,_,c,o,e,f,f,i,c,i,e,n,t,_,_,c,o,e,f,f,_,3,0,_,_,a,t,t,r,_,",a,b,s,"
311,m,V,_,_,f,f,t,_,c,o,e,f,f,i,c,i,e,n,t,_,_,c,o,e,f,f,_,3,0,_,_,a,t,t,r,_,",a,n,g,l,e,"
312,m,V,_,_,f,f,t,_,c,o,e,f,f,i,c,i,e,n,t,_,_,c,o,e,f,f,_,3,0,_,_,a,t,t,r,_,",i,m,a,g,"
313,m,V,_,_,f,f,t,_,c,o,e,f,f,i,c,i,e,n,t,_,_,c,o,e,f,f,_,3,0,_,_,a,t,t,r,_,",r,e,a,l,"
314,m,V,_,_,f,f,t,_,c,o,e,f,f,i,c,i,e,n,t,_,_,c,o,e,f,f,_,3,1,_,_,a,t,t,r,_,",a,b,s,"
315,m,V,_,_,f,f,t,_,c,o,e,f,f,i,c,i,e,n,t,_,_,c,o,e,f,f,_,3,1,_,_,a,t,t,r,_,",a,n,g,l,e,"
316,m,V,_,_,f,f,t,_,c,o,e,f,f,i,c,i,e,n,t,_,_,c,o,e,f,f,_,3,1,_,_,a,t,t,r,_,",i,m,a,g,"
317,m,V,_,_,f,f,t,_,c,o,e,f,f,i,c,i,e,n,t,_,_,c,o,e,f,f,_,3,1,_,_,a,t,t,r,_,",r,e,a,l,"
318,m,V,_,_,f,f,t,_,c,o,e,f,f,i,c,i,e,n,t,_,_,c,o,e,f,f,_,3,2,_,_,a,t,t,r,_,",a,b,s,"
319,m,V,_,_,f,f,t,_,c,o,e,f,f,i,c,i,e,n,t,_,_,c,o,e,f,f,_,3,2,_,_,a,t,t,r,_,",a,n,g,l,e,"
320,m,V,_,_,f,f,t,_,c,o,e,f,f,i,c,i,e,n,t,_,_,c,o,e,f,f,_,3,2,_,_,a,t,t,r,_,",i,m,a,g,"
321,m,V,_,_,f,f,t,_,c,o,e,f,f,i,c,i,e,n,t,_,_,c,o,e,f,f,_,3,2,_,_,a,t,t,r,_,",r,e,a,l,"
322,m,V,_,_,f,f,t,_,c,o,e,f,f,i,c,i,e,n,t,_,_,c,o,e,f,f,_,3,3,_,_,a,t,t,r,_,",a,b,s,"
323,m,V,_,_,f,f,t,_,c,o,e,f,f,i,c,i,e,n,t,_,_,c,o,e,f,f,_,3,3,_,_,a,t,t,r,_,",a,n,g,l,e,"
324,m,V,_,_,f,f,t,_,c,o,e,f,f,i,c,i,e,n,t,_,_,c,o,e,f,f,_,3,3,_,_,a,t,t,r,_,",i,m,a,g,"
325,m,V,_,_,f,f,t,_,c,o,e,f,f,i,c,i,e,n,t,_,_,c,o,e,f,f,_,3,3,_,_,a,t,t,r,_,",r,e,a,l,"
326,m,V,_,_,f,f,t,_,c,o,e,f,f,i,c,i,e,n,t,_,_,c,o,e,f,f,_,3,4,_,_,a,t,t,r,_,",a,b,s,"
327,m,V,_,_,f,f,t,_,c,o,e,f,f,i,c,i,e,n,t,_,_,c,o,e,f,f,_,3,4,_,_,a,t,t,r,_,",a,n,g,l,e,"
328,m,V,_,_,f,f,t,_,c,o,e,f,f,i,c,i,e,n,t,_,_,c,o,e,f,f,_,3,4,_,_,a,t,t,r,_,",i,m,a,g,"
329,m,V,_,_,f,f,t,_,c,o,e,f,f,i,c,i,e,n,t,_,_,c,o,e,f,f,_,3,4,_,_,a,t,t,r,_,",r,e,a,l,"
330,m,V,_,_,f,f,t,_,c,o,e,f,f,i,c,i,e,n,t,_,_,c,o,e,f,f,_,3,5,_,_,a,t,t,r,_,",a,b,s,"
331,m,V,_,_,f,f,t,_,c,o,e,f,f,i,c,i,e,n,t,_,_,c,o,e,f,f,_,3,5,_,_,a,t,t,r,_,",a,n,g,l,e,"
332,m,V,_,_,f,f,t,_,c,o,e,f,f,i,c,i,e,n,t,_,_,c,o,e,f,f,_,3,5,_,_,a,t,t,r,_,",i,m,a,g,"
333,m,V,_,_,f,f,t,_,c,o,e,f,f,i,c,i,e,n,t,_,_,c,o,e,f,f,_,3,5,_,_,a,t,t,r,_,",r,e,a,l,"
334,m,V,_,_,f,f,t,_,c,o,e,f,f,i,c,i,e,n,t,_,_,c,o,e,f,f,_,3,6,_,_,a,t,t,r,_,",a,b,s,"
335,m,V,_,_,f,f,t,_,c,o,e,f,f,i,c,i,e,n,t,_,_,c,o,e,f,f,_,3,6,_,_,a,t,t,r,_,",a,n,g,l,e,"
336,m,V,_,_,f,f,t,_,c,o,e,f,f,i,c,i,e,n,t,_,_,c,o,e,f,f,_,3,6,_,_,a,t,t,r,_,",i,m,a,g,"
337,m,V,_,_,f,f,t,_,c,o,e,f,f,i,c,i,e,n,t,_,_,c,o,e,f,f,_,3,6,_,_,a,t,t,r,_,",r,e,a,l,"
338,m,V,_,_,f,f,t,_,c,o,e,f,f,i,c,i,e,n,t,_,_,c,o,e,f,f,_,3,7,_,_,a,t,t,r,_,",a,b,s,"
339,m,V,_,_,f,f,t,_,c,o,e,f,f,i,c,i,e,n,t,_,_,c,o,e,f,f,_,3,7,_,_,a,t,t,r,_,",a,n,g,l,e,"
340,m,V,_,_,f,f,t,_,c,o,e,f,f,i,c,i,e,n,t,_,_,c,o,e,f,f,_,3,7,_,_,a,t,t,r,_,",i,m,a,g,"
341,m,V,_,_,f,f,t,_,c,o,e,f,f,i,c,i,e,n,t,_,_,c,o,e,f,f,_,3,7,_,_,a,t,t,r,_,",r,e,a,l,"
342,m,V,_,_,f,f,t,_,c,o,e,f,f,i,c,i,e,n,t,_,_,c,o,e,f,f,_,3,8,_,_,a,t,t,r,_,",a,b,s,"
343,m,V,_,_,f,f,t,_,c,o,e,f,f,i,c,i,e,n,t,_,_,c,o,e,f,f,_,3,8,_,_,a,t,t,r,_,",a,n,g,l,e,"
344,m,V,_,_,f,f,t,_,c,o,e,f,f,i,c,i,e,n,t,_,_,c,o,e,f,f,_,3,8,_,_,a,t,t,r,_,",i,m,a,g,"
345,m,V,_,_,f,f,t,_,c,o,e,f,f,i,c,i,e,n,t,_,_,c,o,e,f,f,_,3,8,_,_,a,t,t,r,_,",r,e,a,l,"
346,m,V,_,_,f,f,t,_,c,o,e,f,f,i,c,i,e,n,t,_,_,c,o,e,f,f,_,3,9,_,_,a,t,t,r,_,",a,b,s,"
347,m,V,_,_,f,f,t,_,c,o,e,f,f,i,c,i,e,n,t,_,_,c,o,e,f,f,_,3,9,_,_,a,t,t,r,_,",a,n,g,l,e,"
348,m,V,_,_,f,f,t,_,c,o,e,f,f,i,c,i,e,n,t,_,_,c,o,e,f,f,_,3,9,_,_,a,t,t,r,_,",i,m,a,g,"
349,m,V,_,_,f,f,t,_,c,o,e,f,f,i,c,i,e,n,t,_,_,c,o,e,f,f,_,3,9,_,_,a,t,t,r,_,",r,e,a,l,"
350,m,V,_,_,f,f,t,_,c,o,e,f,f,i,c,i,e,n,t,_,_,c,o,e,f,f,_,3,_,_,a,t,t,r,_,",a,b,s,"
351,m,V,_,_,f,f,t,_,c,o,e,f,f,i,c,i,e,n,t,_,_,c,o,e,f,f,_,3,_,_,a,t,t,r,_,",a,n,g,l,e,"
352,m,V,_,_,f,f,t,_,c,o,e,f,f,i,c,i,e,n,t,_,_,c,o,e,f,f,_,3,_,_,a,t,t,r,_,",i,m,a,g,"
353,m,V,_,_,f,f,t,_,c,o,e,f,f,i,c,i,e,n,t,_,_,c,o,e,f,f,_,3,_,_,a,t,t,r,_,",r,e,a,l,"
354,m,V,_,_,f,f,t,_,c,o,e,f,f,i,c,i,e,n,t,_,_,c,o,e,f,f,_,4,0,_,_,a,t,t,r,_,",a,b,s,"
355,m,V,_,_,f,f,t,_,c,o,e,f,f,i,c,i,e,n,t,_,_,c,o,e,f,f,_,4,0,_,_,a,t,t,r,_,",a,n,g,l,e,"
356,m,V,_,_,f,f,t,_,c,o,e,f,f,i,c,i,e,n,t,_,_,c,o,e,f,f,_,4,0,_,_,a,t,t,r,_,",i,m,a,g,"
357,m,V,_,_,f,f,t,_,c,o,e,f,f,i,c,i,e,n,t,_,_,c,o,e,f,f,_,4,0,_,_,a,t,t,r,_,",r,e,a,l,"
358,m,V,_,_,f,f,t,_,c,o,e,f,f,i,c,i,e,n,t,_,_,c,o,e,f,f,_,4,1,_,_,a,t,t,r,_,",a,b,s,"
359,m,V,_,_,f,f,t,_,c,o,e,f,f,i,c,i,e,n,t,_,_,c,o,e,f,f,_,4,1,_,_,a,t,t,r,_,",a,n,g,l,e,"
360,m,V,_,_,f,f,t,_,c,o,e,f,f,i,c,i,e,n,t,_,_,c,o,e,f,f,_,4,1,_,_,a,t,t,r,_,",i,m,a,g,"
361,m,V,_,_,f,f,t,_,c,o,e,f,f,i,c,i,e,n,t,_,_,c,o,e,f,f,_,4,1,_,_,a,t,t,r,_,",r,e,a,l,"
362,m,V,_,_,f,f,t,_,c,o,e,f,f,i,c,i,e,n,t,_,_,c,o,e,f,f,_,4,2,_,_,a,t,t,r,_,",a,b,s,"
363,m,V,_,_,f,f,t,_,c,o,e,f,f,i,c,i,e,n,t,_,_,c,o,e,f,f,_,4,2,_,_,a,t,t,r,_,",a,n,g,l,e,"
364,m,V,_,_,f,f,t,_,c,o,e,f,f,i,c,i,e,n,t,_,_,c,o,e,f,f,_,4,2,_,_,a,t,t,r,_,",i,m,a,g,"
365,m,V,_,_,f,f,t,_,c,o,e,f,f,i,c,i,e,n,t,_,_,c,o,e,f,f,_,4,2,_,_,a,t,t,r,_,",r,e,a,l,"
366,m,V,_,_,f,f,t,_,c,o,e,f,f,i,c,i,e,n,t,_,_,c,o,e,f,f,_,4,3,_,_,a,t,t,r,_,",a,b,s,"
367,m,V,_,_,f,f,t,_,c,o,e,f,f,i,c,i,e,n,t,_,_,c,o,e,f,f,_,4,3,_,_,a,t,t,r,_,",a,n,g,l,e,"
368,m,V,_,_,f,f,t,_,c,o,e,f,f,i,c,i,e,n,t,_,_,c,o,e,f,f,_,4,3,_,_,a,t,t,r,_,",i,m,a,g,"
369,m,V,_,_,f,f,t,_,c,o,e,f,f,i,c,i,e,n,t,_,_,c,o,e,f,f,_,4,3,_,_,a,t,t,r,_,",r,e,a,l,"
370,m,V,_,_,f,f,t,_,c,o,e,f,f,i,c,i,e,n,t,_,_,c,o,e,f,f,_,4,4,_,_,a,t,t,r,_,",a,b,s,"
371,m,V,_,_,f,f,t,_,c,o,e,f,f,i,c,i,e,n,t,_,_,c,o,e,f,f,_,4,4,_,_,a,t,t,r,_,",a,n,g,l,e,"
372,m,V,_,_,f,f,t,_,c,o,e,f,f,i,c,i,e,n,t,_,_,c,o,e,f,f,_,4,4,_,_,a,t,t,r,_,",i,m,a,g,"
373,m,V,_,_,f,f,t,_,c,o,e,f,f,i,c,i,e,n,t,_,_,c,o,e,f,f,_,4,4,_,_,a,t,t,r,_,",r,e,a,l,"
374,m,V,_,_,f,f,t,_,c,o,e,f,f,i,c,i,e,n,t,_,_,c,o,e,f,f,_,4,5,_,_,a,t,t,r,_,",a,b,s,"
375,m,V,_,_,f,f,t,_,c,o,e,f,f,i,c,i,e,n,t,_,_,c,o,e,f,f,_,4,5,_,_,a,t,t,r,_,",a,n,g,l,e,"
376,m,V,_,_,f,f,t,_,c,o,e,f,f,i,c,i,e,n,t,_,_,c,o,e,f,f,_,4,5,_,_,a,t,t,r,_,",i,m,a,g,"
377,m,V,_,_,f,f,t,_,c,o,e,f,f,i,c,i,e,n,t,_,_,c,o,e,f,f,_,4,5,_,_,a,t,t,r,_,",r,e,a,l,"
378,m,V,_,_,f,f,t,_,c,o,e,f,f,i,c,i,e,n,t,_,_,c,o,e,f,f,_,4,6,_,_,a,t,t,r,_,",a,b,s,"
379,m,V,_,_,f,f,t,_,c,o,e,f,f,i,c,i,e,n,t,_,_,c,o,e,f,f,_,4,6,_,_,a,t,t,r,_,",a,n,g,l,e,"
380,m,V,_,_,f,f,t,_,c,o,e,f,f,i,c,i,e,n,t,_,_,c,o,e,f,f,_,4,6,_,_,a,t,t,r,_,",i,m,a,g,"
381,m,V,_,_,f,f,t,_,c,o,e,f,f,i,c,i,e,n,t,_,_,c,o,e,f,f,_,4,6,_,_,a,t,t,r,_,",r,e,a,l,"
382,m,V,_,_,f,f,t,_,c,o,e,f,f,i,c,i,e,n,t,_,_,c,o,e,f,f,_,4,7,_,_,a,t,t,r,_,",a,b,s,"
383,m,V,_,_,f,f,t,_,c,o,e,f,f,i,c,i,e,n,t,_,_,c,o,e,f,f,_,4,7,_,_,a,t,t,r,_,",a,n,g,l,e,"
384,m,V,_,_,f,f,t,_,c,o,e,f,f,i,c,i,e,n,t,_,_,c,o,e,f,f,_,4,7,_,_,a,t,t,r,_,",i,m,a,g,"
385,m,V,_,_,f,f,t,_,c,o,e,f,f,i,c,i,e,n,t,_,_,c,o,e,f,f,_,4,7,_,_,a,t,t,r,_,",r,e,a,l,"
386,m,V,_,_,f,f,t,_,c,o,e,f,f,i,c,i,e,n,t,_,_,c,o,e,f,f,_,4,8,_,_,a,t,t,r,_,",a,b,s,"
387,m,V,_,_,f,f,t,_,c,o,e,f,f,i,c,i,e,n,t,_,_,c,o,e,f,f,_,4,8,_,_,a,t,t,r,_,",a,n,g,l,e,"
388,m,V,_,_,f,f,t,_,c,o,e,f,f,i,c,i,e,n,t,_,_,c,o,e,f,f,_,4,8,_,_,a,t,t,r,_,",i,m,a,g,"
389,m,V,_,_,f,f,t,_,c,o,e,f,f,i,c,i,e,n,t,_,_,c,o,e,f,f,_,4,8,_,_,a,t,t,r,_,",r,e,a,l,"
390,m,V,_,_,f,f,t,_,c,o,e,f,f,i,c,i,e,n,t,_,_,c,o,e,f,f,_,4,9,_,_,a,t,t,r,_,",a,b,s,"
391,m,V,_,_,f,f,t,_,c,o,e,f,f,i,c,i,e,n,t,_,_,c,o,e,f,f,_,4,9,_,_,a,t,t,r,_,",a,n,g,l,e,"
392,m,V,_,_,f,f,t,_,c,o,e,f,f,i,c,i,e,n,t,_,_,c,o,e,f,f,_,4,9,_,_,a,t,t,r,_,",i,m,a,g,"
393,m,V,_,_,f,f,t,_,c,o,e,f,f,i,c,i,e,n,t,_,_,c,o,e,f,f,_,4,9,_,_,a,t,t,r,_,",r,e,a,l,"
394,m,V,_,_,f,f,t,_,c,o,e,f,f,i,c,i,e,n,t,_,_,c,o,e,f,f,_,4,_,_,a,t,t,r,_,",a,b,s,"
395,m,V,_,_,f,f,t,_,c,o,e,f,f,i,c,i,e,n,t,_,_,c,o,e,f,f,_,4,_,_,a,t,t,r,_,",a,n,g,l,e,"
396,m,V,_,_,f,f,t,_,c,o,e,f,f,i,c,i,e,n,t,_,_,c,o,e,f,f,_,4,_,_,a,t,t,r,_,",i,m,a,g,"
397,m,V,_,_,f,f,t,_,c,o,e,f,f,i,c,i,e,n,t,_,_,c,o,e,f,f,_,4,_,_,a,t,t,r,_,",r,e,a,l,"
398,m,V,_,_,f,f,t,_,c,o,e,f,f,i,c,i,e,n,t,_,_,c,o,e,f,f,_,5,0,_,_,a,t,t,r,_,",a,b,s,"
399,m,V,_,_,f,f,t,_,c,o,e,f,f,i,c,i,e,n,t,_,_,c,o,e,f,f,_,5,0,_,_,a,t,t,r,_,",a,n,g,l,e,"
400,m,V,_,_,f,f,t,_,c,o,e,f,f,i,c,i,e,n,t,_,_,c,o,e,f,f,_,5,0,_,_,a,t,t,r,_,",i,m,a,g,"
401,m,V,_,_,f,f,t,_,c,o,e,f,f,i,c,i,e,n,t,_,_,c,o,e,f,f,_,5,0,_,_,a,t,t,r,_,",r,e,a,l,"
402,m,V,_,_,f,f,t,_,c,o,e,f,f,i,c,i,e,n,t,_,_,c,o,e,f,f,_,5,1,_,_,a,t,t,r,_,",a,b,s,"
403,m,V,_,_,f,f,t,_,c,o,e,f,f,i,c,i,e,n,t,_,_,c,o,e,f,f,_,5,1,_,_,a,t,t,r,_,",a,n,g,l,e,"
404,m,V,_,_,f,f,t,_,c,o,e,f,f,i,c,i,e,n,t,_,_,c,o,e,f,f,_,5,1,_,_,a,t,t,r,_,",i,m,a,g,"
405,m,V,_,_,f,f,t,_,c,o,e,f,f,i,c,i,e,n,t,_,_,c,o,e,f,f,_,5,1,_,_,a,t,t,r,_,",r,e,a,l,"
406,m,V,_,_,f,f,t,_,c,o,e,f,f,i,c,i,e,n,t,_,_,c,o,e,f,f,_,5,2,_,_,a,t,t,r,_,",a,b,s,"
407,m,V,_,_,f,f,t,_,c,o,e,f,f,i,c,i,e,n,t,_,_,c,o,e,f,f,_,5,2,_,_,a,t,t,r,_,",a,n,g,l,e,"
408,m,V,_,_,f,f,t,_,c,o,e,f,f,i,c,i,e,n,t,_,_,c,o,e,f,f,_,5,2,_,_,a,t,t,r,_,",i,m,a,g,"
409,m,V,_,_,f,f,t,_,c,o,e,f,f,i,c,i,e,n,t,_,_,c,o,e,f,f,_,5,2,_,_,a,t,t,r,_,",r,e,a,l,"
410,m,V,_,_,f,f,t,_,c,o,e,f,f,i,c,i,e,n,t,_,_,c,o,e,f,f,_,5,3,_,_,a,t,t,r,_,",a,b,s,"
411,m,V,_,_,f,f,t,_,c,o,e,f,f,i,c,i,e,n,t,_,_,c,o,e,f,f,_,5,3,_,_,a,t,t,r,_,",a,n,g,l,e,"
412,m,V,_,_,f,f,t,_,c,o,e,f,f,i,c,i,e,n,t,_,_,c,o,e,f,f,_,5,3,_,_,a,t,t,r,_,",i,m,a,g,"
413,m,V,_,_,f,f,t,_,c,o,e,f,f,i,c,i,e,n,t,_,_,c,o,e,f,f,_,5,3,_,_,a,t,t,r,_,",r,e,a,l,"
414,m,V,_,_,f,f,t,_,c,o,e,f,f,i,c,i,e,n,t,_,_,c,o,e,f,f,_,5,4,_,_,a,t,t,r,_,",a,b,s,"
415,m,V,_,_,f,f,t,_,c,o,e,f,f,i,c,i,e,n,t,_,_,c,o,e,f,f,_,5,4,_,_,a,t,t,r,_,",a,n,g,l,e,"
416,m,V,_,_,f,f,t,_,c,o,e,f,f,i,c,i,e,n,t,_,_,c,o,e,f,f,_,5,4,_,_,a,t,t,r,_,",i,m,a,g,"
417,m,V,_,_,f,f,t,_,c,o,e,f,f,i,c,i,e,n,t,_,_,c,o,e,f,f,_,5,4,_,_,a,t,t,r,_,",r,e,a,l,"
418,m,V,_,_,f,f,t,_,c,o,e,f,f,i,c,i,e,n,t,_,_,c,o,e,f,f,_,5,5,_,_,a,t,t,r,_,",a,b,s,"
419,m,V,_,_,f,f,t,_,c,o,e,f,f,i,c,i,e,n,t,_,_,c,o,e,f,f,_,5,5,_,_,a,t,t,r,_,",a,n,g,l,e,"
420,m,V,_,_,f,f,t,_,c,o,e,f,f,i,c,i,e,n,t,_,_,c,o,e,f,f,_,5,5,_,_,a,t,t,r,_,",i,m,a,g,"
421,m,V,_,_,f,f,t,_,c,o,e,f,f,i,c,i,e,n,t,_,_,c,o,e,f,f,_,5,5,_,_,a,t,t,r,_,",r,e,a,l,"
422,m,V,_,_,f,f,t,_,c,o,e,f,f,i,c,i,e,n,t,_,_,c,o,e,f,f,_,5,6,_,_,a,t,t,r,_,",a,b,s,"
423,m,V,_,_,f,f,t,_,c,o,e,f,f,i,c,i,e,n,t,_,_,c,o,e,f,f,_,5,6,_,_,a,t,t,r,_,",a,n,g,l,e,"
424,m,V,_,_,f,f,t,_,c,o,e,f,f,i,c,i,e,n,t,_,_,c,o,e,f,f,_,5,6,_,_,a,t,t,r,_,",i,m,a,g,"
425,m,V,_,_,f,f,t,_,c,o,e,f,f,i,c,i,e,n,t,_,_,c,o,e,f,f,_,5,6,_,_,a,t,t,r,_,",r,e,a,l,"
426,m,V,_,_,f,f,t,_,c,o,e,f,f,i,c,i,e,n,t,_,_,c,o,e,f,f,_,5,7,_,_,a,t,t,r,_,",a,b,s,"
427,m,V,_,_,f,f,t,_,c,o,e,f,f,i,c,i,e,n,t,_,_,c,o,e,f,f,_,5,7,_,_,a,t,t,r,_,",a,n,g,l,e,"
428,m,V,_,_,f,f,t,_,c,o,e,f,f,i,c,i,e,n,t,_,_,c,o,e,f,f,_,5,7,_,_,a,t,t,r,_,",i,m,a,g,"
429,m,V,_,_,f,f,t,_,c,o,e,f,f,i,c,i,e,n,t,_,_,c,o,e,f,f,_,5,7,_,_,a,t,t,r,_,",r,e,a,l,"
430,m,V,_,_,f,f,t,_,c,o,e,f,f,i,c,i,e,n,t,_,_,c,o,e,f,f,_,5,8,_,_,a,t,t,r,_,",a,b,s,"
431,m,V,_,_,f,f,t,_,c,o,e,f,f,i,c,i,e,n,t,_,_,c,o,e,f,f,_,5,8,_,_,a,t,t,r,_,",a,n,g,l,e,"
432,m,V,_,_,f,f,t,_,c,o,e,f,f,i,c,i,e,n,t,_,_,c,o,e,f,f,_,5,8,_,_,a,t,t,r,_,",i,m,a,g,"
433,m,V,_,_,f,f,t,_,c,o,e,f,f,i,c,i,e,n,t,_,_,c,o,e,f,f,_,5,8,_,_,a,t,t,r,_,",r,e,a,l,"
434,m,V,_,_,f,f,t,_,c,o,e,f,f,i,c,i,e,n,t,_,_,c,o,e,f,f,_,5,9,_,_,a,t,t,r,_,",a,b,s,"
435,m,V,_,_,f,f,t,_,c,o,e,f,f,i,c,i,e,n,t,_,_,c,o,e,f,f,_,5,9,_,_,a,t,t,r,_,",a,n,g,l,e,"
436,m,V,_,_,f,f,t,_,c,o,e,f,f,i,c,i,e,n,t,_,_,c,o,e,f,f,_,5,9,_,_,a,t,t,r,_,",i,m,a,g,"
437,m,V,_,_,f,f,t,_,c,o,e,f,f,i,c,i,e,n,t,_,_,c,o,e,f,f,_,5,9,_,_,a,t,t,r,_,",r,e,a,l,"
438,m,V,_,_,f,f,t,_,c,o,e,f,f,i,c,i,e,n,t,_,_,c,o,e,f,f,_,5,_,_,a,t,t,r,_,",a,b,s,"
439,m,V,_,_,f,f,t,_,c,o,e,f,f,i,c,i,e,n,t,_,_,c,o,e,f,f,_,5,_,_,a,t,t,r,_,",a,n,g,l,e,"
440,m,V,_,_,f,f,t,_,c,o,e,f,f,i,c,i,e,n,t,_,_,c,o,e,f,f,_,5,_,_,a,t,t,r,_,",i,m,a,g,"
441,m,V,_,_,f,f,t,_,c,o,e,f,f,i,c,i,e,n,t,_,_,c,o,e,f,f,_,5,_,_,a,t,t,r,_,",r,e,a,l,"
442,m,V,_,_,f,f,t,_,c,o,e,f,f,i,c,i,e,n,t,_,_,c,o,e,f,f,_,6,0,_,_,a,t,t,r,_,",a,b,s,"
443,m,V,_,_,f,f,t,_,c,o,e,f,f,i,c,i,e,n,t,_,_,c,o,e,f,f,_,6,0,_,_,a,t,t,r,_,",a,n,g,l,e,"
444,m,V,_,_,f,f,t,_,c,o,e,f,f,i,c,i,e,n,t,_,_,c,o,e,f,f,_,6,0,_,_,a,t,t,r,_,",i,m,a,g,"
445,m,V,_,_,f,f,t,_,c,o,e,f,f,i,c,i,e,n,t,_,_,c,o,e,f,f,_,6,0,_,_,a,t,t,r,_,",r,e,a,l,"
446,m,V,_,_,f,f,t,_,c,o,e,f,f,i,c,i,e,n,t,_,_,c,o,e,f,f,_,6,1,_,_,a,t,t,r,_,",a,b,s,"
447,m,V,_,_,f,f,t,_,c,o,e,f,f,i,c,i,e,n,t,_,_,c,o,e,f,f,_,6,1,_,_,a,t,t,r,_,",a,n,g,l,e,"
448,m,V,_,_,f,f,t,_,c,o,e,f,f,i,c,i,e,n,t,_,_,c,o,e,f,f,_,6,1,_,_,a,t,t,r,_,",i,m,a,g,"
449,m,V,_,_,f,f,t,_,c,o,e,f,f,i,c,i,e,n,t,_,_,c,o,e,f,f,_,6,1,_,_,a,t,t,r,_,",r,e,a,l,"
450,m,V,_,_,f,f,t,_,c,o,e,f,f,i,c,i,e,n,t,_,_,c,o,e,f,f,_,6,2,_,_,a,t,t,r,_,",a,b,s,"
451,m,V,_,_,f,f,t,_,c,o,e,f,f,i,c,i,e,n,t,_,_,c,o,e,f,f,_,6,2,_,_,a,t,t,r,_,",a,n,g,l,e,"
452,m,V,_,_,f,f,t,_,c,o,e,f,f,i,c,i,e,n,t,_,_,c,o,e,f,f,_,6,2,_,_,a,t,t,r,_,",i,m,a,g,"
453,m,V,_,_,f,f,t,_,c,o,e,f,f,i,c,i,e,n,t,_,_,c,o,e,f,f,_,6,2,_,_,a,t,t,r,_,",r,e,a,l,"
454,m,V,_,_,f,f,t,_,c,o,e,f,f,i,c,i,e,n,t,_,_,c,o,e,f,f,_,6,3,_,_,a,t,t,r,_,",a,b,s,"
455,m,V,_,_,f,f,t,_,c,o,e,f,f,i,c,i,e,n,t,_,_,c,o,e,f,f,_,6,3,_,_,a,t,t,r,_,",a,n,g,l,e,"
456,m,V,_,_,f,f,t,_,c,o,e,f,f,i,c,i,e,n,t,_,_,c,o,e,f,f,_,6,3,_,_,a,t,t,r,_,",i,m,a,g,"
457,m,V,_,_,f,f,t,_,c,o,e,f,f,i,c,i,e,n,t,_,_,c,o,e,f,f,_,6,3,_,_,a,t,t,r,_,",r,e,a,l,"
458,m,V,_,_,f,f,t,_,c,o,e,f,f,i,c,i,e,n,t,_,_,c,o,e,f,f,_,6,4,_,_,a,t,t,r,_,",a,b,s,"
459,m,V,_,_,f,f,t,_,c,o,e,f,f,i,c,i,e,n,t,_,_,c,o,e,f,f,_,6,4,_,_,a,t,t,r,_,",a,n,g,l,e,"
460,m,V,_,_,f,f,t,_,c,o,e,f,f,i,c,i,e,n,t,_,_,c,o,e,f,f,_,6,4,_,_,a,t,t,r,_,",i,m,a,g,"
461,m,V,_,_,f,f,t,_,c,o,e,f,f,i,c,i,e,n,t,_,_,c,o,e,f,f,_,6,4,_,_,a,t,t,r,_,",r,e,a,l,"
462,m,V,_,_,f,f,t,_,c,o,e,f,f,i,c,i,e,n,t,_,_,c,o,e,f,f,_,6,5,_,_,a,t,t,r,_,",a,b,s,"
463,m,V,_,_,f,f,t,_,c,o,e,f,f,i,c,i,e,n,t,_,_,c,o,e,f,f,_,6,5,_,_,a,t,t,r,_,",a,n,g,l,e,"
464,m,V,_,_,f,f,t,_,c,o,e,f,f,i,c,i,e,n,t,_,_,c,o,e,f,f,_,6,5,_,_,a,t,t,r,_,",i,m,a,g,"
465,m,V,_,_,f,f,t,_,c,o,e,f,f,i,c,i,e,n,t,_,_,c,o,e,f,f,_,6,5,_,_,a,t,t,r,_,",r,e,a,l,"
466,m,V,_,_,f,f,t,_,c,o,e,f,f,i,c,i,e,n,t,_,_,c,o,e,f,f,_,6,6,_,_,a,t,t,r,_,",a,b,s,"
467,m,V,_,_,f,f,t,_,c,o,e,f,f,i,c,i,e,n,t,_,_,c,o,e,f,f,_,6,6,_,_,a,t,t,r,_,",a,n,g,l,e,"
468,m,V,_,_,f,f,t,_,c,o,e,f,f,i,c,i,e,n,t,_,_,c,o,e,f,f,_,6,6,_,_,a,t,t,r,_,",i,m,a,g,"
469,m,V,_,_,f,f,t,_,c,o,e,f,f,i,c,i,e,n,t,_,_,c,o,e,f,f,_,6,6,_,_,a,t,t,r,_,",r,e,a,l,"
470,m,V,_,_,f,f,t,_,c,o,e,f,f,i,c,i,e,n,t,_,_,c,o,e,f,f,_,6,7,_,_,a,t,t,r,_,",a,b,s,"
471,m,V,_,_,f,f,t,_,c,o,e,f,f,i,c,i,e,n,t,_,_,c,o,e,f,f,_,6,7,_,_,a,t,t,r,_,",a,n,g,l,e,"
472,m,V,_,_,f,f,t,_,c,o,e,f,f,i,c,i,e,n,t,_,_,c,o,e,f,f,_,6,7,_,_,a,t,t,r,_,",i,m,a,g,"
473,m,V,_,_,f,f,t,_,c,o,e,f,f,i,c,i,e,n,t,_,_,c,o,e,f,f,_,6,7,_,_,a,t,t,r,_,",r,e,a,l,"
474,m,V,_,_,f,f,t,_,c,o,e,f,f,i,c,i,e,n,t,_,_,c,o,e,f,f,_,6,8,_,_,a,t,t,r,_,",a,b,s,"
475,m,V,_,_,f,f,t,_,c,o,e,f,f,i,c,i,e,n,t,_,_,c,o,e,f,f,_,6,8,_,_,a,t,t,r,_,",a,n,g,l,e,"
476,m,V,_,_,f,f,t,_,c,o,e,f,f,i,c,i,e,n,t,_,_,c,o,e,f,f,_,6,8,_,_,a,t,t,r,_,",i,m,a,g,"
477,m,V,_,_,f,f,t,_,c,o,e,f,f,i,c,i,e,n,t,_,_,c,o,e,f,f,_,6,8,_,_,a,t,t,r,_,",r,e,a,l,"
478,m,V,_,_,f,f,t,_,c,o,e,f,f,i,c,i,e,n,t,_,_,c,o,e,f,f,_,6,9,_,_,a,t,t,r,_,",a,b,s,"
479,m,V,_,_,f,f,t,_,c,o,e,f,f,i,c,i,e,n,t,_,_,c,o,e,f,f,_,6,9,_,_,a,t,t,r,_,",a,n,g,l,e,"
480,m,V,_,_,f,f,t,_,c,o,e,f,f,i,c,i,e,n,t,_,_,c,o,e,f,f,_,6,9,_,_,a,t,t,r,_,",i,m,a,g,"
481,m,V,_,_,f,f,t,_,c,o,e,f,f,i,c,i,e,n,t,_,_,c,o,e,f,f,_,6,9,_,_,a,t,t,r,_,",r,e,a,l,"
482,m,V,_,_,f,f,t,_,c,o,e,f,f,i,c,i,e,n,t,_,_,c,o,e,f,f,_,6,_,_,a,t,t,r,_,",a,b,s,"
483,m,V,_,_,f,f,t,_,c,o,e,f,f,i,c,i,e,n,t,_,_,c,o,e,f,f,_,6,_,_,a,t,t,r,_,",a,n,g,l,e,"
484,m,V,_,_,f,f,t,_,c,o,e,f,f,i,c,i,e,n,t,_,_,c,o,e,f,f,_,6,_,_,a,t,t,r,_,",i,m,a,g,"
485,m,V,_,_,f,f,t,_,c,o,e,f,f,i,c,i,e,n,t,_,_,c,o,e,f,f,_,6,_,_,a,t,t,r,_,",r,e,a,l,"
486,m,V,_,_,f,f,t,_,c,o,e,f,f,i,c,i,e,n,t,_,_,c,o,e,f,f,_,7,0,_,_,a,t,t,r,_,",a,b,s,"
487,m,V,_,_,f,f,t,_,c,o,e,f,f,i,c,i,e,n,t,_,_,c,o,e,f,f,_,7,0,_,_,a,t,t,r,_,",a,n,g,l,e,"
488,m,V,_,_,f,f,t,_,c,o,e,f,f,i,c,i,e,n,t,_,_,c,o,e,f,f,_,7,0,_,_,a,t,t,r,_,",i,m,a,g,"
489,m,V,_,_,f,f,t,_,c,o,e,f,f,i,c,i,e,n,t,_,_,c,o,e,f,f,_,7,0,_,_,a,t,t,r,_,",r,e,a,l,"
490,m,V,_,_,f,f,t,_,c,o,e,f,f,i,c,i,e,n,t,_,_,c,o,e,f,f,_,7,1,_,_,a,t,t,r,_,",a,b,s,"
491,m,V,_,_,f,f,t,_,c,o,e,f,f,i,c,i,e,n,t,_,_,c,o,e,f,f,_,7,1,_,_,a,t,t,r,_,",a,n,g,l,e,"
492,m,V,_,_,f,f,t,_,c,o,e,f,f,i,c,i,e,n,t,_,_,c,o,e,f,f,_,7,1,_,_,a,t,t,r,_,",i,m,a,g,"
493,m,V,_,_,f,f,t,_,c,o,e,f,f,i,c,i,e,n,t,_,_,c,o,e,f,f,_,7,1,_,_,a,t,t,r,_,",r,e,a,l,"
494,m,V,_,_,f,f,t,_,c,o,e,f,f,i,c,i,e,n,t,_,_,c,o,e,f,f,_,7,2,_,_,a,t,t,r,_,",a,b,s,"
495,m,V,_,_,f,f,t,_,c,o,e,f,f,i,c,i,e,n,t,_,_,c,o,e,f,f,_,7,2,_,_,a,t,t,r,_,",a,n,g,l,e,"
496,m,V,_,_,f,f,t,_,c,o,e,f,f,i,c,i,e,n,t,_,_,c,o,e,f,f,_,7,2,_,_,a,t,t,r,_,",i,m,a,g,"
497,m,V,_,_,f,f,t,_,c,o,e,f,f,i,c,i,e,n,t,_,_,c,o,e,f,f,_,7,2,_,_,a,t,t,r,_,",r,e,a,l,"
498,m,V,_,_,f,f,t,_,c,o,e,f,f,i,c,i,e,n,t,_,_,c,o,e,f,f,_,7,3,_,_,a,t,t,r,_,",a,b,s,"
499,m,V,_,_,f,f,t,_,c,o,e,f,f,i,c,i,e,n,t,_,_,c,o,e,f,f,_,7,3,_,_,a,t,t,r,_,",a,n,g,l,e,"
500,m,V,_,_,f,f,t,_,c,o,e,f,f,i,c,i,e,n,t,_,_,c,o,e,f,f,_,7,3,_,_,a,t,t,r,_,",i,m,a,g,"
501,m,V,_,_,f,f,t,_,c,o,e,f,f,i,c,i,e,n,t,_,_,c,o,e,f,f,_,7,3,_,_,a,t,t,r,_,",r,e,a,l,"
502,m,V,_,_,f,f,t,_,c,o,e,f,f,i,c,i,e,n,t,_,_,c,o,e,f,f,_,7,4,_,_,a,t,t,r,_,",a,b,s,"
503,m,V,_,_,f,f,t,_,c,o,e,f,f,i,c,i,e,n,t,_,_,c,o,e,f,f,_,7,4,_,_,a,t,t,r,_,",a,n,g,l,e,"
504,m,V,_,_,f,f,t,_,c,o,e,f,f,i,c,i,e,n,t,_,_,c,o,e,f,f,_,7,4,_,_,a,t,t,r,_,",i,m,a,g,"
505,m,V,_,_,f,f,t,_,c,o,e,f,f,i,c,i,e,n,t,_,_,c,o,e,f,f,_,7,4,_,_,a,t,t,r,_,",r,e,a,l,"
506,m,V,_,_,f,f,t,_,c,o,e,f,f,i,c,i,e,n,t,_,_,c,o,e,f,f,_,7,5,_,_,a,t,t,r,_,",a,b,s,"
507,m,V,_,_,f,f,t,_,c,o,e,f,f,i,c,i,e,n,t,_,_,c,o,e,f,f,_,7,5,_,_,a,t,t,r,_,",a,n,g,l,e,"
508,m,V,_,_,f,f,t,_,c,o,e,f,f,i,c,i,e,n,t,_,_,c,o,e,f,f,_,7,5,_,_,a,t,t,r,_,",i,m,a,g,"
509,m,V,_,_,f,f,t,_,c,o,e,f,f,i,c,i,e,n,t,_,_,c,o,e,f,f,_,7,5,_,_,a,t,t,r,_,",r,e,a,l,"
510,m,V,_,_,f,f,t,_,c,o,e,f,f,i,c,i,e,n,t,_,_,c,o,e,f,f,_,7,6,_,_,a,t,t,r,_,",a,b,s,"
511,m,V,_,_,f,f,t,_,c,o,e,f,f,i,c,i,e,n,t,_,_,c,o,e,f,f,_,7,6,_,_,a,t,t,r,_,",a,n,g,l,e,"
512,m,V,_,_,f,f,t,_,c,o,e,f,f,i,c,i,e,n,t,_,_,c,o,e,f,f,_,7,6,_,_,a,t,t,r,_,",i,m,a,g,"
513,m,V,_,_,f,f,t,_,c,o,e,f,f,i,c,i,e,n,t,_,_,c,o,e,f,f,_,7,6,_,_,a,t,t,r,_,",r,e,a,l,"
514,m,V,_,_,f,f,t,_,c,o,e,f,f,i,c,i,e,n,t,_,_,c,o,e,f,f,_,7,7,_,_,a,t,t,r,_,",a,b,s,"
515,m,V,_,_,f,f,t,_,c,o,e,f,f,i,c,i,e,n,t,_,_,c,o,e,f,f,_,7,7,_,_,a,t,t,r,_,",a,n,g,l,e,"
516,m,V,_,_,f,f,t,_,c,o,e,f,f,i,c,i,e,n,t,_,_,c,o,e,f,f,_,7,7,_,_,a,t,t,r,_,",i,m,a,g,"
517,m,V,_,_,f,f,t,_,c,o,e,f,f,i,c,i,e,n,t,_,_,c,o,e,f,f,_,7,7,_,_,a,t,t,r,_,",r,e,a,l,"
518,m,V,_,_,f,f,t,_,c,o,e,f,f,i,c,i,e,n,t,_,_,c,o,e,f,f,_,7,8,_,_,a,t,t,r,_,",a,b,s,"
519,m,V,_,_,f,f,t,_,c,o,e,f,f,i,c,i,e,n,t,_,_,c,o,e,f,f,_,7,8,_,_,a,t,t,r,_,",a,n,g,l,e,"
520,m,V,_,_,f,f,t,_,c,o,e,f,f,i,c,i,e,n,t,_,_,c,o,e,f,f,_,7,8,_,_,a,t,t,r,_,",i,m,a,g,"
521,m,V,_,_,f,f,t,_,c,o,e,f,f,i,c,i,e,n,t,_,_,c,o,e,f,f,_,7,8,_,_,a,t,t,r,_,",r,e,a,l,"
522,m,V,_,_,f,f,t,_,c,o,e,f,f,i,c,i,e,n,t,_,_,c,o,e,f,f,_,7,9,_,_,a,t,t,r,_,",a,b,s,"
523,m,V,_,_,f,f,t,_,c,o,e,f,f,i,c,i,e,n,t,_,_,c,o,e,f,f,_,7,9,_,_,a,t,t,r,_,",a,n,g,l,e,"
524,m,V,_,_,f,f,t,_,c,o,e,f,f,i,c,i,e,n,t,_,_,c,o,e,f,f,_,7,9,_,_,a,t,t,r,_,",i,m,a,g,"
525,m,V,_,_,f,f,t,_,c,o,e,f,f,i,c,i,e,n,t,_,_,c,o,e,f,f,_,7,9,_,_,a,t,t,r,_,",r,e,a,l,"
526,m,V,_,_,f,f,t,_,c,o,e,f,f,i,c,i,e,n,t,_,_,c,o,e,f,f,_,7,_,_,a,t,t,r,_,",a,b,s,"
527,m,V,_,_,f,f,t,_,c,o,e,f,f,i,c,i,e,n,t,_,_,c,o,e,f,f,_,7,_,_,a,t,t,r,_,",a,n,g,l,e,"
528,m,V,_,_,f,f,t,_,c,o,e,f,f,i,c,i,e,n,t,_,_,c,o,e,f,f,_,7,_,_,a,t,t,r,_,",i,m,a,g,"
529,m,V,_,_,f,f,t,_,c,o,e,f,f,i,c,i,e,n,t,_,_,c,o,e,f,f,_,7,_,_,a,t,t,r,_,",r,e,a,l,"
530,m,V,_,_,f,f,t,_,c,o,e,f,f,i,c,i,e,n,t,_,_,c,o,e,f,f,_,8,0,_,_,a,t,t,r,_,",a,b,s,"
531,m,V,_,_,f,f,t,_,c,o,e,f,f,i,c,i,e,n,t,_,_,c,o,e,f,f,_,8,0,_,_,a,t,t,r,_,",a,n,g,l,e,"
532,m,V,_,_,f,f,t,_,c,o,e,f,f,i,c,i,e,n,t,_,_,c,o,e,f,f,_,8,0,_,_,a,t,t,r,_,",i,m,a,g,"
533,m,V,_,_,f,f,t,_,c,o,e,f,f,i,c,i,e,n,t,_,_,c,o,e,f,f,_,8,0,_,_,a,t,t,r,_,",r,e,a,l,"
534,m,V,_,_,f,f,t,_,c,o,e,f,f,i,c,i,e,n,t,_,_,c,o,e,f,f,_,8,1,_,_,a,t,t,r,_,",a,b,s,"
535,m,V,_,_,f,f,t,_,c,o,e,f,f,i,c,i,e,n,t,_,_,c,o,e,f,f,_,8,1,_,_,a,t,t,r,_,",a,n,g,l,e,"
536,m,V,_,_,f,f,t,_,c,o,e,f,f,i,c,i,e,n,t,_,_,c,o,e,f,f,_,8,1,_,_,a,t,t,r,_,",i,m,a,g,"
537,m,V,_,_,f,f,t,_,c,o,e,f,f,i,c,i,e,n,t,_,_,c,o,e,f,f,_,8,1,_,_,a,t,t,r,_,",r,e,a,l,"
538,m,V,_,_,f,f,t,_,c,o,e,f,f,i,c,i,e,n,t,_,_,c,o,e,f,f,_,8,2,_,_,a,t,t,r,_,",a,b,s,"
539,m,V,_,_,f,f,t,_,c,o,e,f,f,i,c,i,e,n,t,_,_,c,o,e,f,f,_,8,2,_,_,a,t,t,r,_,",a,n,g,l,e,"
540,m,V,_,_,f,f,t,_,c,o,e,f,f,i,c,i,e,n,t,_,_,c,o,e,f,f,_,8,2,_,_,a,t,t,r,_,",i,m,a,g,"
541,m,V,_,_,f,f,t,_,c,o,e,f,f,i,c,i,e,n,t,_,_,c,o,e,f,f,_,8,2,_,_,a,t,t,r,_,",r,e,a,l,"
542,m,V,_,_,f,f,t,_,c,o,e,f,f,i,c,i,e,n,t,_,_,c,o,e,f,f,_,8,3,_,_,a,t,t,r,_,",a,b,s,"
543,m,V,_,_,f,f,t,_,c,o,e,f,f,i,c,i,e,n,t,_,_,c,o,e,f,f,_,8,3,_,_,a,t,t,r,_,",a,n,g,l,e,"
544,m,V,_,_,f,f,t,_,c,o,e,f,f,i,c,i,e,n,t,_,_,c,o,e,f,f,_,8,3,_,_,a,t,t,r,_,",i,m,a,g,"
545,m,V,_,_,f,f,t,_,c,o,e,f,f,i,c,i,e,n,t,_,_,c,o,e,f,f,_,8,3,_,_,a,t,t,r,_,",r,e,a,l,"
546,m,V,_,_,f,f,t,_,c,o,e,f,f,i,c,i,e,n,t,_,_,c,o,e,f,f,_,8,4,_,_,a,t,t,r,_,",a,b,s,"
547,m,V,_,_,f,f,t,_,c,o,e,f,f,i,c,i,e,n,t,_,_,c,o,e,f,f,_,8,4,_,_,a,t,t,r,_,",a,n,g,l,e,"
548,m,V,_,_,f,f,t,_,c,o,e,f,f,i,c,i,e,n,t,_,_,c,o,e,f,f,_,8,4,_,_,a,t,t,r,_,",i,m,a,g,"
549,m,V,_,_,f,f,t,_,c,o,e,f,f,i,c,i,e,n,t,_,_,c,o,e,f,f,_,8,4,_,_,a,t,t,r,_,",r,e,a,l,"
550,m,V,_,_,f,f,t,_,c,o,e,f,f,i,c,i,e,n,t,_,_,c,o,e,f,f,_,8,5,_,_,a,t,t,r,_,",a,b,s,"
551,m,V,_,_,f,f,t,_,c,o,e,f,f,i,c,i,e,n,t,_,_,c,o,e,f,f,_,8,5,_,_,a,t,t,r,_,",a,n,g,l,e,"
552,m,V,_,_,f,f,t,_,c,o,e,f,f,i,c,i,e,n,t,_,_,c,o,e,f,f,_,8,5,_,_,a,t,t,r,_,",i,m,a,g,"
553,m,V,_,_,f,f,t,_,c,o,e,f,f,i,c,i,e,n,t,_,_,c,o,e,f,f,_,8,5,_,_,a,t,t,r,_,",r,e,a,l,"
554,m,V,_,_,f,f,t,_,c,o,e,f,f,i,c,i,e,n,t,_,_,c,o,e,f,f,_,8,6,_,_,a,t,t,r,_,",a,b,s,"
555,m,V,_,_,f,f,t,_,c,o,e,f,f,i,c,i,e,n,t,_,_,c,o,e,f,f,_,8,6,_,_,a,t,t,r,_,",a,n,g,l,e,"
556,m,V,_,_,f,f,t,_,c,o,e,f,f,i,c,i,e,n,t,_,_,c,o,e,f,f,_,8,6,_,_,a,t,t,r,_,",i,m,a,g,"
557,m,V,_,_,f,f,t,_,c,o,e,f,f,i,c,i,e,n,t,_,_,c,o,e,f,f,_,8,6,_,_,a,t,t,r,_,",r,e,a,l,"
558,m,V,_,_,f,f,t,_,c,o,e,f,f,i,c,i,e,n,t,_,_,c,o,e,f,f,_,8,7,_,_,a,t,t,r,_,",a,b,s,"
559,m,V,_,_,f,f,t,_,c,o,e,f,f,i,c,i,e,n,t,_,_,c,o,e,f,f,_,8,7,_,_,a,t,t,r,_,",a,n,g,l,e,"
560,m,V,_,_,f,f,t,_,c,o,e,f,f,i,c,i,e,n,t,_,_,c,o,e,f,f,_,8,7,_,_,a,t,t,r,_,",i,m,a,g,"
561,m,V,_,_,f,f,t,_,c,o,e,f,f,i,c,i,e,n,t,_,_,c,o,e,f,f,_,8,7,_,_,a,t,t,r,_,",r,e,a,l,"
562,m,V,_,_,f,f,t,_,c,o,e,f,f,i,c,i,e,n,t,_,_,c,o,e,f,f,_,8,8,_,_,a,t,t,r,_,",a,b,s,"
563,m,V,_,_,f,f,t,_,c,o,e,f,f,i,c,i,e,n,t,_,_,c,o,e,f,f,_,8,8,_,_,a,t,t,r,_,",a,n,g,l,e,"
564,m,V,_,_,f,f,t,_,c,o,e,f,f,i,c,i,e,n,t,_,_,c,o,e,f,f,_,8,8,_,_,a,t,t,r,_,",i,m,a,g,"
565,m,V,_,_,f,f,t,_,c,o,e,f,f,i,c,i,e,n,t,_,_,c,o,e,f,f,_,8,8,_,_,a,t,t,r,_,",r,e,a,l,"
566,m,V,_,_,f,f,t,_,c,o,e,f,f,i,c,i,e,n,t,_,_,c,o,e,f,f,_,8,9,_,_,a,t,t,r,_,",a,b,s,"
567,m,V,_,_,f,f,t,_,c,o,e,f,f,i,c,i,e,n,t,_,_,c,o,e,f,f,_,8,9,_,_,a,t,t,r,_,",a,n,g,l,e,"
568,m,V,_,_,f,f,t,_,c,o,e,f,f,i,c,i,e,n,t,_,_,c,o,e,f,f,_,8,9,_,_,a,t,t,r,_,",i,m,a,g,"
569,m,V,_,_,f,f,t,_,c,o,e,f,f,i,c,i,e,n,t,_,_,c,o,e,f,f,_,8,9,_,_,a,t,t,r,_,",r,e,a,l,"
570,m,V,_,_,f,f,t,_,c,o,e,f,f,i,c,i,e,n,t,_,_,c,o,e,f,f,_,8,_,_,a,t,t,r,_,",a,b,s,"
571,m,V,_,_,f,f,t,_,c,o,e,f,f,i,c,i,e,n,t,_,_,c,o,e,f,f,_,8,_,_,a,t,t,r,_,",a,n,g,l,e,"
572,m,V,_,_,f,f,t,_,c,o,e,f,f,i,c,i,e,n,t,_,_,c,o,e,f,f,_,8,_,_,a,t,t,r,_,",i,m,a,g,"
573,m,V,_,_,f,f,t,_,c,o,e,f,f,i,c,i,e,n,t,_,_,c,o,e,f,f,_,8,_,_,a,t,t,r,_,",r,e,a,l,"
574,m,V,_,_,f,f,t,_,c,o,e,f,f,i,c,i,e,n,t,_,_,c,o,e,f,f,_,9,0,_,_,a,t,t,r,_,",a,b,s,"
575,m,V,_,_,f,f,t,_,c,o,e,f,f,i,c,i,e,n,t,_,_,c,o,e,f,f,_,9,0,_,_,a,t,t,r,_,",a,n,g,l,e,"
576,m,V,_,_,f,f,t,_,c,o,e,f,f,i,c,i,e,n,t,_,_,c,o,e,f,f,_,9,0,_,_,a,t,t,r,_,",i,m,a,g,"
577,m,V,_,_,f,f,t,_,c,o,e,f,f,i,c,i,e,n,t,_,_,c,o,e,f,f,_,9,0,_,_,a,t,t,r,_,",r,e,a,l,"
578,m,V,_,_,f,f,t,_,c,o,e,f,f,i,c,i,e,n,t,_,_,c,o,e,f,f,_,9,1,_,_,a,t,t,r,_,",a,b,s,"
579,m,V,_,_,f,f,t,_,c,o,e,f,f,i,c,i,e,n,t,_,_,c,o,e,f,f,_,9,1,_,_,a,t,t,r,_,",a,n,g,l,e,"
580,m,V,_,_,f,f,t,_,c,o,e,f,f,i,c,i,e,n,t,_,_,c,o,e,f,f,_,9,1,_,_,a,t,t,r,_,",i,m,a,g,"
581,m,V,_,_,f,f,t,_,c,o,e,f,f,i,c,i,e,n,t,_,_,c,o,e,f,f,_,9,1,_,_,a,t,t,r,_,",r,e,a,l,"
582,m,V,_,_,f,f,t,_,c,o,e,f,f,i,c,i,e,n,t,_,_,c,o,e,f,f,_,9,2,_,_,a,t,t,r,_,",a,b,s,"
583,m,V,_,_,f,f,t,_,c,o,e,f,f,i,c,i,e,n,t,_,_,c,o,e,f,f,_,9,2,_,_,a,t,t,r,_,",a,n,g,l,e,"
584,m,V,_,_,f,f,t,_,c,o,e,f,f,i,c,i,e,n,t,_,_,c,o,e,f,f,_,9,2,_,_,a,t,t,r,_,",i,m,a,g,"
585,m,V,_,_,f,f,t,_,c,o,e,f,f,i,c,i,e,n,t,_,_,c,o,e,f,f,_,9,2,_,_,a,t,t,r,_,",r,e,a,l,"
586,m,V,_,_,f,f,t,_,c,o,e,f,f,i,c,i,e,n,t,_,_,c,o,e,f,f,_,9,3,_,_,a,t,t,r,_,",a,b,s,"
587,m,V,_,_,f,f,t,_,c,o,e,f,f,i,c,i,e,n,t,_,_,c,o,e,f,f,_,9,3,_,_,a,t,t,r,_,",a,n,g,l,e,"
588,m,V,_,_,f,f,t,_,c,o,e,f,f,i,c,i,e,n,t,_,_,c,o,e,f,f,_,9,3,_,_,a,t,t,r,_,",i,m,a,g,"
589,m,V,_,_,f,f,t,_,c,o,e,f,f,i,c,i,e,n,t,_,_,c,o,e,f,f,_,9,3,_,_,a,t,t,r,_,",r,e,a,l,"
590,m,V,_,_,f,f,t,_,c,o,e,f,f,i,c,i,e,n,t,_,_,c,o,e,f,f,_,9,4,_,_,a,t,t,r,_,",a,b,s,"
591,m,V,_,_,f,f,t,_,c,o,e,f,f,i,c,i,e,n,t,_,_,c,o,e,f,f,_,9,4,_,_,a,t,t,r,_,",a,n,g,l,e,"
592,m,V,_,_,f,f,t,_,c,o,e,f,f,i,c,i,e,n,t,_,_,c,o,e,f,f,_,9,4,_,_,a,t,t,r,_,",i,m,a,g,"
593,m,V,_,_,f,f,t,_,c,o,e,f,f,i,c,i,e,n,t,_,_,c,o,e,f,f,_,9,4,_,_,a,t,t,r,_,",r,e,a,l,"
594,m,V,_,_,f,f,t,_,c,o,e,f,f,i,c,i,e,n,t,_,_,c,o,e,f,f,_,9,5,_,_,a,t,t,r,_,",a,b,s,"
595,m,V,_,_,f,f,t,_,c,o,e,f,f,i,c,i,e,n,t,_,_,c,o,e,f,f,_,9,5,_,_,a,t,t,r,_,",a,n,g,l,e,"
596,m,V,_,_,f,f,t,_,c,o,e,f,f,i,c,i,e,n,t,_,_,c,o,e,f,f,_,9,5,_,_,a,t,t,r,_,",i,m,a,g,"
597,m,V,_,_,f,f,t,_,c,o,e,f,f,i,c,i,e,n,t,_,_,c,o,e,f,f,_,9,5,_,_,a,t,t,r,_,",r,e,a,l,"
598,m,V,_,_,f,f,t,_,c,o,e,f,f,i,c,i,e,n,t,_,_,c,o,e,f,f,_,9,6,_,_,a,t,t,r,_,",a,b,s,"
599,m,V,_,_,f,f,t,_,c,o,e,f,f,i,c,i,e,n,t,_,_,c,o,e,f,f,_,9,6,_,_,a,t,t,r,_,",a,n,g,l,e,"
600,m,V,_,_,f,f,t,_,c,o,e,f,f,i,c,i,e,n,t,_,_,c,o,e,f,f,_,9,6,_,_,a,t,t,r,_,",i,m,a,g,"
601,m,V,_,_,f,f,t,_,c,o,e,f,f,i,c,i,e,n,t,_,_,c,o,e,f,f,_,9,6,_,_,a,t,t,r,_,",r,e,a,l,"
602,m,V,_,_,f,f,t,_,c,o,e,f,f,i,c,i,e,n,t,_,_,c,o,e,f,f,_,9,7,_,_,a,t,t,r,_,",a,b,s,"
603,m,V,_,_,f,f,t,_,c,o,e,f,f,i,c,i,e,n,t,_,_,c,o,e,f,f,_,9,7,_,_,a,t,t,r,_,",a,n,g,l,e,"
604,m,V,_,_,f,f,t,_,c,o,e,f,f,i,c,i,e,n,t,_,_,c,o,e,f,f,_,9,7,_,_,a,t,t,r,_,",i,m,a,g,"
605,m,V,_,_,f,f,t,_,c,o,e,f,f,i,c,i,e,n,t,_,_,c,o,e,f,f,_,9,7,_,_,a,t,t,r,_,",r,e,a,l,"
606,m,V,_,_,f,f,t,_,c,o,e,f,f,i,c,i,e,n,t,_,_,c,o,e,f,f,_,9,8,_,_,a,t,t,r,_,",a,b,s,"
607,m,V,_,_,f,f,t,_,c,o,e,f,f,i,c,i,e,n,t,_,_,c,o,e,f,f,_,9,8,_,_,a,t,t,r,_,",a,n,g,l,e,"
608,m,V,_,_,f,f,t,_,c,o,e,f,f,i,c,i,e,n,t,_,_,c,o,e,f,f,_,9,8,_,_,a,t,t,r,_,",i,m,a,g,"
609,m,V,_,_,f,f,t,_,c,o,e,f,f,i,c,i,e,n,t,_,_,c,o,e,f,f,_,9,8,_,_,a,t,t,r,_,",r,e,a,l,"
610,m,V,_,_,f,f,t,_,c,o,e,f,f,i,c,i,e,n,t,_,_,c,o,e,f,f,_,9,9,_,_,a,t,t,r,_,",a,b,s,"
611,m,V,_,_,f,f,t,_,c,o,e,f,f,i,c,i,e,n,t,_,_,c,o,e,f,f,_,9,9,_,_,a,t,t,r,_,",a,n,g,l,e,"
612,m,V,_,_,f,f,t,_,c,o,e,f,f,i,c,i,e,n,t,_,_,c,o,e,f,f,_,9,9,_,_,a,t,t,r,_,",i,m,a,g,"
613,m,V,_,_,f,f,t,_,c,o,e,f,f,i,c,i,e,n,t,_,_,c,o,e,f,f,_,9,9,_,_,a,t,t,r,_,",r,e,a,l,"
614,m,V,_,_,f,f,t,_,c,o,e,f,f,i,c,i,e,n,t,_,_,c,o,e,f,f,_,9,_,_,a,t,t,r,_,",a,b,s,"
615,m,V,_,_,f,f,t,_,c,o,e,f,f,i,c,i,e,n,t,_,_,c,o,e,f,f,_,9,_,_,a,t,t,r,_,",a,n,g,l,e,"
616,m,V,_,_,f,f,t,_,c,o,e,f,f,i,c,i,e,n,t,_,_,c,o,e,f,f,_,9,_,_,a,t,t,r,_,",i,m,a,g,"
617,m,V,_,_,f,f,t,_,c,o,e,f,f,i,c,i,e,n,t,_,_,c,o,e,f,f,_,9,_,_,a,t,t,r,_,",r,e,a,l,"
618,m,V,_,_,f,i,r,s,t,_,l,o,c,a,t,i,o,n,_,o,f,_,m,a,x,i,m,u,m
619,m,V,_,_,f,i,r,s,t,_,l,o,c,a,t,i,o,n,_,o,f,_,m,i,n,i,m,u,m
620,m,V,_,_,f,r,i,e,d,r,i,c,h,_,c,o,e,f,f,i,c,i,e,n,t,s,_,_,m,_,3,_,_,r,_,3,0,_,_,c,o,e,f,f,_,0
621,m,V,_,_,f,r,i,e,d,r,i,c,h,_,c,o,e,f,f,i,c,i,e,n,t,s,_,_,m,_,3,_,_,r,_,3,0,_,_,c,o,e,f,f,_,1
622,m,V,_,_,f,r,i,e,d,r,i,c,h,_,c,o,e,f,f,i,c,i,e,n,t,s,_,_,m,_,3,_,_,r,_,3,0,_,_,c,o,e,f,f,_,2
623,m,V,_,_,f,r,i,e,d,r,i,c,h,_,c,o,e,f,f,i,c,i,e,n,t,s,_,_,m,_,3,_,_,r,_,3,0,_,_,c,o,e,f,f,_,3
624,m,V,_,_,h,a,s,_,d,u,p,l,i,c,a,t,e
625,m,V,_,_,h,a,s,_,d,u,p,l,i,c,a,t,e,_,m,a,x
626,m,V,_,_,h,a,s,_,d,u,p,l,i,c,a,t,e,_,m,i,n
627,m,V,_,_,i,n,d,e,x,_,m,a,s,s,_,q,u,a,n,t,i,l,e,_,_,q,_,0,.,1
628,m,V,_,_,i,n,d,e,x,_,m,a,s,s,_,q,u,a,n,t,i,l,e,_,_,q,_,0,.,2
629,m,V,_,_,i,n,d,e,x,_,m,a,s,s,_,q,u,a,n,t,i,l,e,_,_,q,_,0,.,3
630,m,V,_,_,i,n,d,e,x,_,m,a,s,s,_,q,u,a,n,t,i,l,e,_,_,q,_,0,.,4
631,m,V,_,_,i,n,d,e,x,_,m,a,s,s,_,q,u,a,n,t,i,l,e,_,_,q,_,0,.,6
632,m,V,_,_,i,n,d,e,x,_,m,a,s,s,_,q,u,a,n,t,i,l,e,_,_,q,_,0,.,7
633,m,V,_,_,i,n,d,e,x,_,m,a,s,s,_,q,u,a,n,t,i,l,e,_,_,q,_,0,.,8
634,m,V,_,_,i,n,d,e,x,_,m,a,s,s,_,q,u,a,n,t,i,l,e,_,_,q,_,0,.,9
635,m,V,_,_,k,u,r,t,o,s,i,s
636,m,V,_,_,l,a,r,g,e,_,s,t,a,n,d,a,r,d,_,d,e,v,i,a,t,i,o,n,_,_,r,_,0,.,0,5
637,m,V,_,_,l,a,r,g,e,_,s,t,a,n,d,a,r,d,_,d,e,v,i,a,t,i,o,n,_,_,r,_,0,.,1
638,m,V,_,_,l,a,r,g,e,_,s,t,a,n,d,a,r,d,_,d,e,v,i,a,t,i,o,n,_,_,r,_,0,.,1,5,0,0,0,0,0,0,0,0,0,0,0,0,0,0,2
639,m,V,_,_,l,a,r,g,e,_,s,t,a,n,d,a,r,d,_,d,e,v,i,a,t,i,o,n,_,_,r,_,0,.,2
640,m,V,_,_,l,a,r,g,e,_,s,t,a,n,d,a,r,d,_,d,e,v,i,a,t,i,o,n,_,_,r,_,0,.,2,5
641,m,V,_,_,l,a,r,g,e,_,s,t,a,n,d,a,r,d,_,d,e,v,i,a,t,i,o,n,_,_,r,_,0,.,3,0,0,0,0,0,0,0,0,0,0,0,0,0,0,0,4
642,m,V,_,_,l,a,r,g,e,_,s,t,a,n,d,a,r,d,_,d,e,v,i,a,t,i,o,n,_,_,r,_,0,.,3,5,0,0,0,0,0,0,0,0,0,0,0,0,0,0,3
643,m,V,_,_,l,a,r,g,e,_,s,t,a,n,d,a,r,d,_,d,e,v,i,a,t,i,o,n,_,_,r,_,0,.,4
644,m,V,_,_,l,a,r,g,e,_,s,t,a,n,d,a,r,d,_,d,e,v,i,a,t,i,o,n,_,_,r,_,0,.,4,5
645,m,V,_,_,l,a,r,g,e,_,s,t,a,n,d,a,r,d,_,d,e,v,i,a,t,i,o,n,_,_,r,_,0,.,5
646,m,V,_,_,l,a,r,g,e,_,s,t,a,n,d,a,r,d,_,d,e,v,i,a,t,i,o,n,_,_,r,_,0,.,5,5
647,m,V,_,_,l,a,r,g,e,_,s,t,a,n,d,a,r,d,_,d,e,v,i,a,t,i,o,n,_,_,r,_,0,.,6,0,0,0,0,0,0,0,0,0,0,0,0,0,0,1
648,m,V,_,_,l,a,r,g,e,_,s,t,a,n,d,a,r,d,_,d,e,v,i,a,t,i,o,n,_,_,r,_,0,.,6,5
649,m,V,_,_,l,a,r,g,e,_,s,t,a,n,d,a,r,d,_,d,e,v,i,a,t,i,o,n,_,_,r,_,0,.,7,0,0,0,0,0,0,0,0,0,0,0,0,0,0,1
650,m,V,_,_,l,a,r,g,e,_,s,t,a,n,d,a,r,d,_,d,e,v,i,a,t,i,o,n,_,_,r,_,0,.,7,5
651,m,V,_,_,l,a,r,g,e,_,s,t,a,n,d,a,r,d,_,d,e,v,i,a,t,i,o,n,_,_,r,_,0,.,8
652,m,V,_,_,l,a,r,g,e,_,s,t,a,n,d,a,r,d,_,d,e,v,i,a,t,i,o,n,_,_,r,_,0,.,8,5,0,0,0,0,0,0,0,0,0,0,0,0,0,1
653,m,V,_,_,l,a,r,g,e,_,s,t,a,n,d,a,r,d,_,d,e,v,i,a,t,i,o,n,_,_,r,_,0,.,9
654,m,V,_,_,l,a,r,g,e,_,s,t,a,n,d,a,r,d,_,d,e,v,i,a,t,i,o,n,_,_,r,_,0,.,9,5,0,0,0,0,0,0,0,0,0,0,0,0,0,1
655,m,V,_,_,l,a,s,t,_,l,o,c,a,t,i,o,n,_,o,f,_,m,a,x,i,m,u,m
656,m,V,_,_,l,a,s,t,_,l,o,c,a,t,i,o,n,_,o,f,_,m,i,n,i,m,u,m
657,m,V,_,_,l,e,n,g,t,h
658,m,V,_,_,l,i,n,e,a,r,_,t,r,e,n,d,_,_,a,t,t,r,_,",i,n,t,e,r,c,e,p,t,"
659,m,V,_,_,l,i,n,e,a,r,_,t,r,e,n,d,_,_,a,t,t,r,_,",p,v,a,l,u,e,"
660,m,V,_,_,l,i,n,e,a,r,_,t,r,e,n,d,_,_,a,t,t,r,_,",r,v,a,l,u,e,"
661,m,V,_,_,l,i,n,e,a,r,_,t,r,e,n,d,_,_,a,t,t,r,_,",s,l,o,p,e,"
662,m,V,_,_,l,i,n,e,a,r,_,t,r,e,n,d,_,_,a,t,t,r,_,",s,t,d,e,r,r,"
663,m,V,_,_,l,o,n,g,e,s,t,_,s,t,r,i,k,e,_,a,b,o,v,e,_,m,e,a,n
664,m,V,_,_,l,o,n,g,e,s,t,_,s,t,r,i,k,e,_,b,e,l,o,w,_,m,e,a,n
665,m,V,_,_,m,a,x,_,l,a,n,g,e,v,i,n,_,f,i,x,e,d,_,p,o,i,n,t,_,_,m,_,3,_,_,r,_,3,0
666,m,V,_,_,m,a,x,i,m,u,m
667,m,V,_,_,m,e,a,n
668,m,V,_,_,m,e,a,n,_,a,b,s,_,c,h,a,n,g,e
669,m,V,_,_,m,e,a,n,_,c,h,a,n,g,e
670,m,V,_,_,m,e,a,n,_,s,e,c,o,n,d,_,d,e,r,i,v,a,t,i,v,e,_,c,e,n,t,r,a,l
671,m,V,_,_,m,e,d,i,a,n
672,m,V,_,_,m,i,n,i,m,u,m
673,m,V,_,_,n,u,m,b,e,r,_,c,r,o,s,s,i,n,g,_,m,_,_,m,_,-,1
674,m,V,_,_,n,u,m,b,e,r,_,c,r,o,s,s,i,n,g,_,m,_,_,m,_,0
675,m,V,_,_,n,u,m,b,e,r,_,c,r,o,s,s,i,n,g,_,m,_,_,m,_,1
676,m,V,_,_,n,u,m,b,e,r,_,c,w,t,_,p,e,a,k,s,_,_,n,_,1
677,m,V,_,_,n,u,m,b,e,r,_,c,w,t,_,p,e,a,k,s,_,_,n,_,5
678,m,V,_,_,n,u,m,b,e,r,_,p,e,a,k,s,_,_,n,_,1
679,m,V,_,_,n,u,m,b,e,r,_,p,e,a,k,s,_,_,n,_,1,0
680,m,V,_,_,n,u,m,b,e,r,_,p,e,a,k,s,_,_,n,_,3
681,m,V,_,_,n,u,m,b,e,r,_,p,e,a,k,s,_,_,n,_,5
682,m,V,_,_,n,u,m,b,e,r,_,p,e,a,k,s,_,_,n,_,5,0
683,m,V,_,_,p,a,r,t,i,a,l,_,a,u,t,o,c,o,r,r,e,l,a,t,i,o,n,_,_,l,a,g,_,0
684,m,V,_,_,p,a,r,t,i,a,l,_,a,u,t,o,c,o,r,r,e,l,a,t,i,o,n,_,_,l,a,g,_,1
685,m,V,_,_,p,a,r,t,i,a,l,_,a,u,t,o,c,o,r,r,e,l,a,t,i,o,n,_,_,l,a,g,_,2
686,m,V,_,_,p,a,r,t,i,a,l,_,a,u,t,o,c,o,r,r,e,l,a,t,i,o,n,_,_,l,a,g,_,3
687,m,V,_,_,p,a,r,t,i,a,l,_,a,u,t,o,c,o,r,r,e,l,a,t,i,o,n,_,_,l,a,g,_,4
688,m,V,_,_,p,a,r,t,i,a,l,_,a,u,t,o,c,o,r,r,e,l,a,t,i,o,n,_,_,l,a,g,_,5
689,m,V,_,_,p,a,r,t,i,a,l,_,a,u,t,o,c,o,r,r,e,l,a,t,i,o,n,_,_,l,a,g,_,6
690,m,V,_,_,p,a,r,t,i,a,l,_,a,u,t,o,c,o,r,r,e,l,a,t,i,o,n,_,_,l,a,g,_,7
691,m,V,_,_,p,a,r,t,i,a,l,_,a,u,t,o,c,o,r,r,e,l,a,t,i,o,n,_,_,l,a,g,_,8
692,m,V,_,_,p,a,r,t,i,a,l,_,a,u,t,o,c,o,r,r,e,l,a,t,i,o,n,_,_,l,a,g,_,9
693,m,V,_,_,p,e,r,c,e,n,t,a,g,e,_,o,f,_,r,e,o,c,c,u,r,r,i,n,g,_,d,a,t,a,p,o,i,n,t,s,_,t,o,_,a,l,l,_,d,a,t,a,p,o,i,n,t,s
694,m,V,_,_,p,e,r,c,e,n,t,a,g,e,_,o,f,_,r,e,o,c,c,u,r,r,i,n,g,_,v,a,l,u,e,s,_,t,o,_,a,l,l,_,v,a,l,u,e,s
695,m,V,_,_,q,u,a,n,t,i,l,e,_,_,q,_,0,.,1
696,m,V,_,_,q,u,a,n,t,i,l,e,_,_,q,_,0,.,2
697,m,V,_,_,q,u,a,n,t,i,l,e,_,_,q,_,0,.,3
698,m,V,_,_,q,u,a,n,t,i,l,e,_,_,q,_,0,.,4
699,m,V,_,_,q,u,a,n,t,i,l,e,_,_,q,_,0,.,6
700,m,V,_,_,q,u,a,n,t,i,l,e,_,_,q,_,0,.,7
701,m,V,_,_,q,u,a,n,t,i,l,e,_,_,q,_,0,.,8
702,m,V,_,_,q,u,a,n,t,i,l,e,_,_,q,_,0,.,9
703,m,V,_,_,r,a,n,g,e,_,c,o,u,n,t,_,_,m,a,x,_,0,_,_,m,i,n,_,1,0,0,0,0,0,0,0,0,0,0,0,0,.,0
704,m,V,_,_,r,a,n,g,e,_,c,o,u,n,t,_,_,m,a,x,_,1,0,0,0,0,0,0,0,0,0,0,0,0,.,0,_,_,m,i,n,_,0
705,m,V,_,_,r,a,n,g,e,_,c,o,u,n,t,_,_,m,a,x,_,1,_,_,m,i,n,_,-,1
706,m,V,_,_,r,a,t,i,o,_,b,e,y,o,n,d,_,r,_,s,i,g,m,a,_,_,r,_,0,.,5
707,m,V,_,_,r,a,t,i,o,_,b,e,y,o,n,d,_,r,_,s,i,g,m,a,_,_,r,_,1
708,m,V,_,_,r,a,t,i,o,_,b,e,y,o,n,d,_,r,_,s,i,g,m,a,_,_,r,_,1,.,5
709,m,V,_,_,r,a,t,i,o,_,b,e,y,o,n,d,_,r,_,s,i,g,m,a,_,_,r,_,1,0
710,m,V,_,_,r,a,t,i,o,_,b,e,y,o,n,d,_,r,_,s,i,g,m,a,_,_,r,_,2
711,m,V,_,_,r,a,t,i,o,_,b,e,y,o,n,d,_,r,_,s,i,g,m,a,_,_,r,_,2,.,5
712,m,V,_,_,r,a,t,i,o,_,b,e,y,o,n,d,_,r,_,s,i,g,m,a,_,_,r,_,3
713,m,V,_,_,r,a,t,i,o,_,b,e,y,o,n,d,_,r,_,s,i,g,m,a,_,_,r,_,5
714,m,V,_,_,r,a,t,i,o,_,b,e,y,o,n,d,_,r,_,s,i,g,m,a,_,_,r,_,6
715,m,V,_,_,r,a,t,i,o,_,b,e,y,o,n,d,_,r,_,s,i,g,m,a,_,_,r,_,7
716,m,V,_,_,r,a,t,i,o,_,v,a,l,u,e,_,n,u,m,b,e,r,_,t,o,_,t,i,m,e,_,s,e,r,i,e,s,_,l,e,n,g,t,h
717,m,V,_,_,s,a,m,p,l,e,_,e,n,t,r,o,p,y
718,m,V,_,_,s,k,e,w,n,e,s,s
719,m,V,_,_,s,p,k,t,_,w,e,l,c,h,_,d,e,n,s,i,t,y,_,_,c,o,e,f,f,_,2
720,m,V,_,_,s,p,k,t,_,w,e,l,c,h,_,d,e,n,s,i,t,y,_,_,c,o,e,f,f,_,5
721,m,V,_,_,s,p,k,t,_,w,e,l,c,h,_,d,e,n,s,i,t,y,_,_,c,o,e,f,f,_,8
722,m,V,_,_,s,t,a,n,d,a,r,d,_,d,e,v,i,a,t,i,o,n
723,m,V,_,_,s,u,m,_,o,f,_,r,e,o,c,c,u,r,r,i,n,g,_,d,a,t,a,_,p,o,i,n,t,s
724,m,V,_,_,s,u,m,_,o,f,_,r,e,o,c,c,u,r,r,i,n,g,_,v,a,l,u,e,s
725,m,V,_,_,s,u,m,_,v,a,l,u,e,s
726,m,V,_,_,s,y,m,m,e,t,r,y,_,l,o,o,k,i,n,g,_,_,r,_,0,.,0
727,m,V,_,_,s,y,m,m,e,t,r,y,_,l,o,o,k,i,n,g,_,_,r,_,0,.,0,5
728,m,V,_,_,s,y,m,m,e,t,r,y,_,l,o,o,k,i,n,g,_,_,r,_,0,.,1
729,m,V,_,_,s,y,m,m,e,t,r,y,_,l,o,o,k,i,n,g,_,_,r,_,0,.,1,5,0,0,0,0,0,0,0,0,0,0,0,0,0,0,2
730,m,V,_,_,s,y,m,m,e,t,r,y,_,l,o,o,k,i,n,g,_,_,r,_,0,.,2
731,m,V,_,_,s,y,m,m,e,t,r,y,_,l,o,o,k,i,n,g,_,_,r,_,0,.,2,5
732,m,V,_,_,s,y,m,m,e,t,r,y,_,l,o,o,k,i,n,g,_,_,r,_,0,.,3,0,0,0,0,0,0,0,0,0,0,0,0,0,0,0,4
733,m,V,_,_,s,y,m,m,e,t,r,y,_,l,o,o,k,i,n,g,_,_,r,_,0,.,3,5,0,0,0,0,0,0,0,0,0,0,0,0,0,0,3
734,m,V,_,_,s,y,m,m,e,t,r,y,_,l,o,o,k,i,n,g,_,_,r,_,0,.,4
735,m,V,_,_,s,y,m,m,e,t,r,y,_,l,o,o,k,i,n,g,_,_,r,_,0,.,4,5
736,m,V,_,_,s,y,m,m,e,t,r,y,_,l,o,o,k,i,n,g,_,_,r,_,0,.,5
737,m,V,_,_,s,y,m,m,e,t,r,y,_,l,o,o,k,i,n,g,_,_,r,_,0,.,5,5
738,m,V,_,_,s,y,m,m,e,t,r,y,_,l,o,o,k,i,n,g,_,_,r,_,0,.,6,0,0,0,0,0,0,0,0,0,0,0,0,0,0,1
739,m,V,_,_,s,y,m,m,e,t,r,y,_,l,o,o,k,i,n,g,_,_,r,_,0,.,6,5
740,m,V,_,_,s,y,m,m,e,t,r,y,_,l,o,o,k,i,n,g,_,_,r,_,0,.,7,0,0,0,0,0,0,0,0,0,0,0,0,0,0,1
741,m,V,_,_,s,y,m,m,e,t,r,y,_,l,o,o,k,i,n,g,_,_,r,_,0,.,7,5
742,m,V,_,_,s,y,m,m,e,t,r,y,_,l,o,o,k,i,n,g,_,_,r,_,0,.,8
743,m,V,_,_,s,y,m,m,e,t,r,y,_,l,o,o,k,i,n,g,_,_,r,_,0,.,8,5,0,0,0,0,0,0,0,0,0,0,0,0,0,1
744,m,V,_,_,s,y,m,m,e,t,r,y,_,l,o,o,k,i,n,g,_,_,r,_,0,.,9
745,m,V,_,_,s,y,m,m,e,t,r,y,_,l,o,o,k,i,n,g,_,_,r,_,0,.,9,5,0,0,0,0,0,0,0,0,0,0,0,0,0,1
746,m,V,_,_,t,i,m,e,_,r,e,v,e,r,s,a,l,_,a,s,y,m,m,e,t,r,y,_,s,t,a,t,i,s,t,i,c,_,_,l,a,g,_,1
747,m,V,_,_,t,i,m,e,_,r,e,v,e,r,s,a,l,_,a,s,y,m,m,e,t,r,y,_,s,t,a,t,i,s,t,i,c,_,_,l,a,g,_,2
748,m,V,_,_,t,i,m,e,_,r,e,v,e,r,s,a,l,_,a,s,y,m,m,e,t,r,y,_,s,t,a,t,i,s,t,i,c,_,_,l,a,g,_,3
749,m,V,_,_,v,a,l,u,e,_,c,o,u,n,t,_,_,v,a,l,u,e,_,-,1
750,m,V,_,_,v,a,l,u,e,_,c,o,u,n,t,_,_,v,a,l,u,e,_,0
751,m,V,_,_,v,a,l,u,e,_,c,o,u,n,t,_,_,v,a,l,u,e,_,1
752,m,V,_,_,v,a,r,i,a,n,c,e
753,m,V,_,_,v,a,r,i,a,n,c,e,_,l,a,r,g,e,r,_,t,h,a,n,_,s,t,a,n,d,a,r,d,_,d,e,v,i,a,t,i,o,n
